"data_referencia","preco_brent","geracao_eolica_mwmed","geracao_solar_mwmed","geracao_hidreletrica_mwmed"
"01/01/2012",107.54,17783.8419999,0.0,1835243.25999963
"02/01/2012",106.89,11263.31799988,0.0,2248405.31999969
"03/01/2012",108.09,13230.11599992,0.0,2445140.49999973
"04/01/2012",113.59,15289.20399987,0.0,2548603.97999971
"05/01/2012",111.96,16479.03999993,0.0,2572869.89999973
"06/01/2012",111.12,16086.36599993,0.0,2594020.23999971
"07/01/2012",113.37,19010.99999993,0.0,2388334.59999969
"08/01/2012",113.59,23174.29399992,0.0,2131446.57999976
"09/01/2012",111.96,24222.35599991,0.0,2572100.69999967
"10/01/2012",111.66,22993.277999910002,0.0,2635660.61999976
"11/01/2012",112.97,22670.1559999,0.0,2634133.43999972
"12/01/2012",111.07,16548.597999909998,0.0,2666976.87999977
"13/01/2012",113.3,20004.5919974,0.0,2643788.08223603
"14/01/2012",111.66,19717.99799988,0.0,2446870.31999977
"15/01/2012",112.97,16534.41799989,0.0,2200745.8999998
"16/01/2012",109.88,11432.78799991,0.0,2637706.59999978
"17/01/2012",109.81,14082.24599991,0.0,2763283.85999972
"19/01/2012",109.54,8172.81599986,0.0,2774136.01999969
"20/01/2012",110.55,11776.89799986,0.0,2725194.47999973
"21/01/2012",109.81,13141.92399995,0.0,2548746.47999975
"23/01/2012",109.54,10365.65399986,0.0,2774156.53999971
"24/01/2012",108.5,14122.20799992,0.0,2858933.15999971
"25/01/2012",108.48,17927.32599991,0.0,2818609.03999982
"26/01/2012",109.08,17134.14999988,0.0,2818191.47999972
"27/01/2012",109.46,17539.1479999,0.0,2741858.51999975
"28/01/2012",108.38,19727.6439999,0.0,2471888.87999979
"29/01/2012",108.48,18690.13199991,0.0,2203449.7799997
"30/01/2012",109.08,17468.68399985,0.0,2695455.81999979
"31/01/2012",110.5,19301.90399994,0.0,2802084.55999974
"01/02/2012",111.96,23749.69199993,0.0,2835625.31999975
"02/02/2012",110.96,21275.11599991,0.0,2859218.61999975
"03/02/2012",110.24,20616.68399995,0.0,2900050.65999973
"04/02/2012",110.26,19635.38999991,0.0,2606592.53999987
"05/02/2012",111.96,19314.35399988,0.0,2327254.43999977
"06/02/2012",110.96,15488.66999987,0.0,2860386.37999977
"07/02/2012",112.56,16170.87199992,0.0,2949661.17999973
"08/02/2012",117.18,18792.30399991,0.0,2946457.53999977
"09/02/2012",118.4,13075.34599988,0.0,2930894.87999972
"10/02/2012",115.47,9888.81399991,0.0,2912077.33999972
"11/02/2012",116.86,11879.15999991,0.0,2624326.49999984
"12/02/2012",117.18,12147.74199991,0.0,2316850.43999979
"13/02/2012",118.4,16443.94999989,0.0,2777150.95999967
"14/02/2012",118.13,14527.6619999,0.0,2846084.47999974
"15/02/2012",120.25,10118.38399991,0.0,2852830.79999975
"16/02/2012",121.0,8019.14399989,0.0,2850805.53999972
"17/02/2012",118.73,6062.49799987,0.0,2833775.8799996898
"18/02/2012",118.3,5837.05199989,0.0,2495790.69999976
"19/02/2012",120.25,5175.95399994,0.0,2209000.57999973
"20/02/2012",121.0,10256.13599992,0.0,2357070.8399997302
"21/02/2012",120.69,10269.60399989,0.0,2347395.89999978
"22/02/2012",123.07,11496.72599989,0.0,2636023.89999981
"23/02/2012",124.53,11545.6719999,0.0,2866460.3799998
"24/02/2012",124.89,8216.33799989,0.0,2879086.83999968
"25/02/2012",120.85,14381.63003652,0.0,2568112.10175743
"26/02/2012",123.07,7245.2759999,0.0,2334751.11999977
"27/02/2012",124.53,9617.41199989,0.0,2844375.77999966
"28/02/2012",124.89,11845.62999991,0.0,2907749.85999966
"29/02/2012",122.23,15966.651999900001,0.0,2931064.99999968
"01/03/2012",125.76,15456.4159999,0.0,2847804.4599997
"02/03/2012",126.46,10408.40399995,0.0,2884916.65999974
"03/03/2012",124.02,12888.00599991,0.0,2678730.15999979
"04/03/2012",122.23,12964.31999989,0.0,2361334.79999978
"05/03/2012",125.76,11778.63199986,0.0,2856210.37999977
"06/03/2012",125.93,11723.063999940001,0.0,2907987.29999976
"07/03/2012",125.37,11765.30399988,0.0,2891925.35999976
"08/03/2012",127.96,12785.27195557,0.0,2865328.29770473
"09/03/2012",126.68,8279.65601226,0.0,2899805.29941372
"10/03/2012",125.03,6786.69399992,0.0,2715897.15999968
"11/03/2012",125.37,6254.13799985,0.0,2407381.91999959
"12/03/2012",127.96,11504.92999994,0.0,2859915.01999973
"13/03/2012",128.08,10747.7579999,0.0,2928340.69999973
"14/03/2012",126.98,9612.89199985,0.0,2925420.81999974
"15/03/2012",123.63,9898.3159999,0.0,2927349.29999972
"16/03/2012",127.27,13326.40399986,0.0,2844039.07999983
"17/03/2012",128.14,17062.98999988,0.0,2604410.47999981
"18/03/2012",126.98,15675.48999992,0.0,2302301.21999976
"19/03/2012",123.63,10735.2279999,0.0,2742035.53999979
"20/03/2012",125.09,8974.76399991,0.0,2835120.9799998
"21/03/2012",123.89,6813.07599993,0.0,2893867.75999974
"22/03/2012",122.49,9615.22404126,0.0,2878205.93623801
"23/03/2012",125.76,11053.7059999,0.0,2847878.09999966
"24/03/2012",124.38,9982.36199993,0.0,2612109.07999983
"25/03/2012",123.89,10956.6359999,0.0,2317278.09999975
"26/03/2012",122.49,9280.84999991,0.0,2787338.25999975
"27/03/2012",125.21,17123.86399993,0.0,2806447.21999973
"28/03/2012",124.41,14127.41799991,0.0,2766580.89999976
"29/03/2012",123.23,10742.61799994,0.0,2732735.83999965
"30/03/2012",125.85,12674.51999986,0.0,2745364.51999975
"31/03/2012",125.25,13027.05799992,0.0,2459217.29999977
"01/04/2012",124.41,12188.56399995,0.0,2148794.39999981
"02/04/2012",123.23,11452.6359999,0.0,2597299.4999998
"03/04/2012",123.41,12736.50599988,0.0,2654657.03999973
"04/04/2012",123.04,14849.13199995,0.0,2691317.43999979
"05/04/2012",123.58,17714.71599993,0.0,2665985.87999976
"06/04/2012",124.44,13043.55399991,0.0,2186335.87999974
"07/04/2012",125.66,8859.14999989,0.0,2249281.41999982
"08/04/2012",123.04,12617.19999987,0.0,2105373.91999973
"09/04/2012",123.58,17004.34399991,0.0,2555321.21999972
"10/04/2012",121.89,19330.00799993,0.0,2644529.19999977
"11/04/2012",120.41,13453.68599988,0.0,2675700.05999969
"12/04/2012",120.57,9463.18599995,0.0,2724974.69999981
"13/04/2012",120.62,10191.28599987,0.0,2736169.4399998
"14/04/2012",121.89,14499.87399993,0.0,2452862.25999977
"15/04/2012",120.41,7813.15199994,0.0,2179504.17999973
"16/04/2012",120.57,8141.86399991,0.0,2545649.05999973
"17/04/2012",120.62,10727.6839999,0.0,2567025.87999981
"18/04/2012",115.18,6134.67999992,0.0,2581986.15999978
"19/04/2012",117.0,9737.50199989,0.0,2556361.25999975
"20/04/2012",118.23,6858.75399992,0.0,2581671.63999967
"21/04/2012",117.41,10756.77599986,0.0,2232321.71999976
"22/04/2012",115.18,11401.88599991,0.0,2025530.29999977
"23/04/2012",117.0,12068.84999996,0.0,2437082.09999971
"24/04/2012",118.08,11332.24199993,0.0,2551622.21999968
"25/04/2012",117.45,11904.34599992,0.0,2580796.45999975
"26/04/2012",119.33,14238.19999986,0.0,2600587.27999977
"27/04/2012",116.66,16627.18999991,0.0,2564343.53999973
"28/04/2012",117.74,14163.37999991,0.0,2359540.01999971
"29/04/2012",117.45,17059.95199005,0.0,2036455.8349166
"30/04/2012",119.33,17204.51195068,0.0,2324101.46227606
"01/05/2012",119.3,14234.62199389,0.0,2023523.98091952
"02/05/2012",117.57,17181.651999910002,0.0,2412663.93999976
"03/05/2012",115.91,20931.4379999,0.0,2460100.9799998202
"04/05/2012",118.66,19368.51199993,0.0,2454430.27999973
"05/05/2012",119.57,12905.58199993,0.0,2235680.23999978
"06/05/2012",117.57,15820.36399993,0.0,1970924.29999974
"07/05/2012",115.91,21336.86199995,0.0,2375869.65999977
"08/05/2012",111.66,15713.30597581,0.0,2461388.78106607
"09/05/2012",111.89,11666.85039995,0.0,2495440.79999975
"10/05/2012",112.24,12257.4259999,0.0,2522936.91999971
"11/05/2012",112.5,10359.01319986,0.0,2527724.93999967
"12/05/2012",110.48,18609.45199991,0.0,2328245.29999964
"13/05/2012",111.89,14793.86199992,0.0,2023431.51999972
"14/05/2012",112.24,13344.4091999,0.0,2485917.21999974
"15/05/2012",112.5,15829.24119986,0.0,2518320.03999968
"16/05/2012",109.8,13613.31279994,0.0,2462428.33999969
"17/05/2012",109.31,15392.79559991,0.0,2420519.13999968
"18/05/2012",110.79,17641.94879988,0.0,2392667.97999969
"19/05/2012",111.4,15942.6363999,0.0,2148629.69999967
"20/05/2012",109.8,14556.45439991,0.0,1877049.89999979
"21/05/2012",109.31,13965.76402742,0.0,2303280.34090738
"22/05/2012",108.03,13082.52599989,0.0,2402619.19999972
"23/05/2012",106.88,6524.44999993,0.0,2436574.07999974
"24/05/2012",107.2,7276.81239989,0.0,2454233.03999968
"25/05/2012",109.02,6771.83839992,0.0,2471671.11999969
"26/05/2012",109.76,8635.83319989,0.0,2235635.63999978
"27/05/2012",106.88,12366.18399992,0.0,1924675.21999973
"28/05/2012",107.2,12231.70879991,0.0,2405239.8799998
"29/05/2012",107.86,15274.90519988,0.0,2488144.95999979
"30/05/2012",103.85,12680.8999999,0.0,2489809.19999974
"31/05/2012",103.86,8646.55999992,0.0,2470383.79999981
"01/06/2012",98.63,12584.49399991,0.0,2436364.7999997
"02/06/2012",107.55,15507.41399985,0.0,2208929.7979998398
"03/06/2012",103.85,18442.16599991,0.0,1915811.22399974
"04/06/2012",103.86,9186.7359999,0.0,2421348.72999971
"05/06/2012",98.63,11992.50199997,0.0,2526289.18599971
"06/06/2012",101.14,14645.94999986,0.0,2498016.1579997498
"07/06/2012",100.05,17256.63599991,0.0,2146427.59799971
"08/06/2012",97.74,13511.21599995,0.0,2308212.14599983
"09/06/2012",98.65,16474.30599985,0.0,2144985.59399976
"10/06/2012",101.14,12247.01399988,0.0,1927861.20599974
"11/06/2012",100.05,12244.98199991,0.0,2363712.20999985
"12/06/2012",97.57,16868.6179999,0.0,2415290.35799977
"13/06/2012",97.29,18435.42999988,0.0,2426990.97799973
"14/06/2012",96.46,14886.35799989,0.0,2436351.88999973
"15/06/2012",98.6,12828.40999986,0.0,2410955.36999981
"16/06/2012",96.59,12381.401999919999,0.0,2261479.35399976
"17/06/2012",97.29,14351.17399986,0.0,1973389.21999981
"18/06/2012",96.46,13080.2459999,0.0,2416259.27599975
"19/06/2012",97.13,8266.34999985,0.0,2528483.61999972
"20/06/2012",93.5,7924.98399992,0.0,2575336.63399976
"21/06/2012",89.22,16446.71799989,0.0,2586153.09599973
"22/06/2012",95.21,11615.82799989,0.0,2572183.85999969
"23/06/2012",95.14,9086.00399992,0.0,2356895.58599975
"24/06/2012",93.5,12552.70399989,0.0,2040415.98799973
"25/06/2012",89.22,10524.7399999,0.0,2492439.52399975
"26/06/2012",89.22,13312.67799992,0.0,2531335.35599972
"27/06/2012",92.06,13140.18794623,0.0,2519271.40412466
"28/06/2012",91.02,12189.6879999,0.0,2548384.39199973
"29/06/2012",88.69,12116.59199984,0.0,2545269.31599987
"30/06/2012",90.19,14198.35799989,0.0,2326802.75199977
"01/07/2012",92.06,13999.1979999,0.0,2053517.10999977
"02/07/2012",91.02,15977.7779999,0.0,2490745.96199981
"03/07/2012",94.17,14882.0679999,0.0,2547182.2219997
"05/07/2012",101.54,17240.08799989,0.0,2577877.58799969
"06/07/2012",95.28,22047.91799991,0.0,2580069.17599975
"07/07/2012",99.89,16999.71799985,0.0,2341176.4899998
"09/07/2012",101.54,19575.53599986,0.0,2274743.18199975
"10/07/2012",98.5,17171.66199991,0.0,2464279.49999971
"11/07/2012",99.23,14100.00799993,0.0,2527393.71399978
"12/07/2012",99.18,18684.62399984,0.0,2544722.19999977
"13/07/2012",99.94,21679.41999985,0.0,2530792.29799972
"14/07/2012",99.15,20967.58999988,0.0,2268879.0699998
"15/07/2012",99.23,17883.77599989,0.0,1971028.2579997599
"16/07/2012",99.18,14028.16799987,0.0,2415769.48999968
"17/07/2012",101.91,12639.01199993,0.0,2513208.45399969
"18/07/2012",105.92,14304.56199987,0.0,2508155.6219998
"19/07/2012",107.79,17860.31999993,0.0,2484264.20199961
"20/07/2012",102.1,17716.8119999,0.0,2471817.63199973
"21/07/2012",104.21,16244.54999987,0.0,2226523.06599971
"22/07/2012",105.92,17584.15799992,0.0,1963614.34999972
"23/07/2012",107.79,25154.02399983,0.0,2364882.49199973
"24/07/2012",106.98,20843.28799991,0.0,2456291.6659998302
"25/07/2012",102.35,17228.85599983,0.0,2470261.40599976
"26/07/2012",104.77,15803.95999988,0.0,2486621.8359998
"27/07/2012",103.91,15717.3039999,0.0,2475656.60399985
"28/07/2012",103.57,18028.29999986,0.0,2348764.25999972
"29/07/2012",102.35,23896.49199987,0.0,2043963.98999974
"30/07/2012",104.77,18828.565999899998,0.0,2507078.76799971
"31/07/2012",106.3,27396.46199988,0.0,2552715.45199971
"01/08/2012",106.78,20937.50599993,0.0,2566212.58907615
"02/08/2012",107.55,14316.73999987,0.0,2584373.82404267
"03/08/2012",106.54,17815.37399985,0.0,2585301.07354154
"04/08/2012",105.93,18440.9059999,0.0,2342554.94699318
"05/08/2012",106.78,14859.2119999,0.0,2052187.27488901
"06/08/2012",107.55,17083.76399992,0.0,2480330.74244796
"07/08/2012",109.57,28814.05199985,0.0,2544462.76826073
"08/08/2012",113.42,23138.14999991,0.0,2579929.94391415
"09/08/2012",113.52,19268.53199991,0.0,2592670.07973782
"10/08/2012",110.01,19176.9519999,0.0,2584207.00772812
"11/08/2012",112.39,22496.25599992,0.0,2342791.17999976
"12/08/2012",113.42,20866.68799983,0.0,2026124.97999979
"13/08/2012",113.52,19817.58199987,0.0,2491022.61999969
"14/08/2012",113.13,27426.22399984,0.0,2569422.47999981
"15/08/2012",115.51,27603.71599989,0.0,2546591.49999964
"16/08/2012",116.12,22783.40199987,0.0,2568770.4399997
"17/08/2012",114.48,27531.7799999,0.0,2567038.38254506
"18/08/2012",113.9,25572.6819999,0.0,2317238.82179855
"19/08/2012",115.51,19262.75399981,0.0,2038188.42710295
"20/08/2012",116.12,22487.30592337,0.0,2414280.11706326
"21/08/2012",115.2,22014.20999988,0.0,2546931.29123348
"22/08/2012",115.77,25228.53599992,0.0,2555791.65534291
"23/08/2012",117.45,29338.96799991,0.0,2512955.61370392
"24/08/2012",115.5,26044.87999989,0.0,2503495.21999974
"25/08/2012",116.03,22390.65599988,0.0,2238230.65999967
"26/08/2012",115.77,20191.373999890002,0.0,1931077.5799998
"27/08/2012",117.45,20255.55599992,0.0,2353352.93999978
"28/08/2012",115.76,17509.59399987,0.0,2422980.59999971
"29/08/2012",112.53,22754.14599993,0.0,2412529.79999973
"30/08/2012",112.28,28022.38599994,0.0,2399347.53999974
"31/08/2012",113.74,19881.7379999,0.0,2424241.2799997
"01/09/2012",112.62,19492.8039999,0.0,2219459.13999973
"02/09/2012",112.53,20983.99999993,0.0,1938866.45999977
"03/09/2012",112.28,25645.6079999,0.0,2364004.53999972
"04/09/2012",113.93,32025.48999985,0.0,2430383.85999983
"05/09/2012",113.32,19938.72399989,0.0,2474738.99999968
"06/09/2012",114.5,21860.18999987,0.0,2485497.11999972
"07/09/2012",113.64,28212.27599991,0.0,2113835.93999963
"08/09/2012",114.98,17694.41199986,0.0,2124492.25999966
"09/09/2012",113.32,19129.56199985,0.0,1987175.69999965
"10/09/2012",114.5,27626.51599993,0.0,2474733.55999978
"11/09/2012",113.64,18080.66399991,0.0,2534329.75999967
"12/09/2012",114.86,16012.44799991,0.0,2569298.23999981
"13/09/2012",116.0,17876.611999920002,0.0,2536691.09999975
"14/09/2012",113.84,29524.3219999,0.0,2488098.43999966
"15/09/2012",114.86,22900.95399986,0.0,2248934.33999968
"16/09/2012",114.86,24028.90599988,0.0,1982326.37999974
"17/09/2012",116.0,22966.03199991,0.0,2487007.97999973
"18/09/2012",117.48,27503.68999992,0.0,2537759.27999975
"19/09/2012",108.49,24386.79199989,0.0,2538985.89999973
"20/09/2012",109.41,20153.92799991,0.0,2485455.13999968
"21/09/2012",116.7,20721.54599982,0.0,2432728.31999976
"22/09/2012",113.29,21050.96799987,0.0,2153573.09999978
"23/09/2012",108.49,26369.7659999,0.0,1902102.67999982
"24/09/2012",109.41,26966.07199992,0.0,2290240.83999974
"25/09/2012",111.27,27995.59799989,0.0,2370246.81999967
"26/09/2012",108.99,22813.57599986,0.0,2344357.81999975
"27/09/2012",111.45,24662.27999988,0.0,2256860.9999997
"28/09/2012",109.2,29218.93199989,0.0,2244727.83999978
"29/09/2012",110.77,27256.55799989,0.0,2084442.71999975
"30/09/2012",108.99,25635.50199987,0.0,1852772.81999974
"01/10/2012",111.45,21722.45599984,0.0,2298541.31999978
"02/10/2012",111.36,24194.79199988,0.0,2419939.8999996902
"03/10/2012",109.32,21145.04599989,0.0,2489355.61999965
"04/10/2012",110.48,19347.00999987,0.0,2498258.53999974
"05/10/2012",112.58,24594.5139999,0.0,2466599.49999981
"06/10/2012",112.49,27469.29999992,0.0,2201817.39999982
"07/10/2012",109.32,23325.30199986,0.0,1929513.99999983
"08/10/2012",110.48,24794.3299999,0.0,2436992.13999979
"09/10/2012",112.17,19758.70599985,0.0,2517647.4599998
"10/10/2012",116.11,20574.73199989,0.0,2523954.27999986
"11/10/2012",116.18,19160.45999989,0.0,2465164.35999968
"12/10/2012",115.17,25833.44599986,0.0,2013945.73999978
"13/10/2012",114.32,27847.08799987,0.0,1970703.37999982
"14/10/2012",116.11,29226.60799992,0.0,1772851.97999974
"15/10/2012",116.18,28574.25799987,0.0,2196714.51999974
"16/10/2012",115.17,27633.38799989,0.0,2354021.73999985
"17/10/2012",113.49,26981.7039999,0.0,2381643.79999978
"18/10/2012",112.58,21053.37999993,0.0,2349604.27999972
"19/10/2012",115.0,22663.63995752,0.0,2271649.95849187
"20/10/2012",115.0,15859.78999993,0.0,2073520.67999971
"21/10/2012",113.49,13879.62999987,0.0,1755423.57999977
"22/10/2012",112.58,20704.20199987,0.0,2299110.29999974
"23/10/2012",111.89,28825.78799987,0.0,2347146.13999976
"24/10/2012",107.66,21066.8219999,0.0,2374365.07999976
"25/10/2012",107.64,19409.61599991,0.0,2399245.43999977
"26/10/2012",109.62,21045.61199996,0.0,2329625.53999968
"27/10/2012",107.53,14858.40799989,0.0,2114899.87999976
"28/10/2012",107.66,15073.895999889999,0.0,1912352.53999973
"29/10/2012",107.64,22017.00199993,0.0,2377071.73999984
"30/10/2012",108.9,18522.17199986,0.0,2476727.5799997402
"31/10/2012",109.89,20324.71799993,0.0,2504965.21999976
"01/11/2012",108.84,11784.01199987,0.0,2373201.9799997
"02/11/2012",109.33,10513.5979999,0.0,1886632.1799997601
"03/11/2012",109.4,13381.96799986,0.0,1859454.15999976
"04/11/2012",109.89,11256.677999900001,0.0,1692711.37999972
"05/11/2012",108.84,12779.6939999,0.0,2209842.53999971
"06/11/2012",106.79,14713.61999989,0.0,2271102.11999957
"07/11/2012",108.21,22467.97799989,0.0,2270128.43999975
"08/11/2012",107.23,27712.86999992,0.0,2283414.43999974
"09/11/2012",105.59,28185.5739998,0.0,2307329.15999975
"10/11/2012",109.27,28578.3979999,0.0,2055177.6199997899
"11/11/2012",108.21,23092.77799986,0.0,1825579.19999981
"12/11/2012",107.23,22524.43799986,0.0,2261570.03999974
"13/11/2012",108.61,20649.5859999,0.0,2225236.91999974
"14/11/2012",109.66,19748.48999986,0.0,2141211.47999973
"15/11/2012",110.07,21176.99799985,0.0,1856224.45999977
"16/11/2012",110.23,20614.9919999,0.0,2022445.79999975
"17/11/2012",108.82,22100.58599995,0.0,1853481.6999998
"18/11/2012",109.66,24551.93199994,0.0,1649038.6599998
"19/11/2012",110.07,21747.98599988,0.0,2132593.27999966
"20/11/2012",106.81,19899.97799992,0.0,2197108.49999973
"21/11/2012",110.81,21287.45599988,0.0,2279347.33999967
"23/11/2012",110.06,15266.38797618,0.0,2284958.33110903
"24/11/2012",110.01,17119.12799893,0.0,2086555.0952926
"25/11/2012",110.81,12926.2739999,0.0,1812303.27999979
"26/11/2012",110.18,17447.09799988,0.0,2182061.73999979
"27/11/2012",110.14,19229.31999993,0.0,2260860.29999979
"28/11/2012",108.26,17829.55199988,0.0,2282854.17999971
"29/11/2012",110.47,21863.26599988,0.0,2323853.49999975
"30/11/2012",110.18,28931.56799989,0.0,2290826.07999971
"01/12/2012",109.33,21238.75799986,0.0,2047333.73999976
"02/12/2012",108.26,19930.14399991,0.0,1844989.47999975
"03/12/2012",110.47,25556.53999988,0.0,2303612.49999978
"04/12/2012",110.84,23542.59199406,0.0,2359805.72610706
"05/12/2012",108.96,22461.47806304,0.0,2435811.55050749
"06/12/2012",108.01,24094.93595187,0.0,2491179.14353288
"07/12/2012",111.27,24676.39999988,0.0,2560462.05999973
"08/12/2012",109.99,16752.54999992,0.0,2292822.39999961
"09/12/2012",108.96,15882.36399231,0.0,1956581.69682486
"10/12/2012",108.01,18321.77597925,0.0,2399376.81949378
"11/12/2012",107.16,21578.47799991,0.0,2514845.11999976
"12/12/2012",110.17,17325.94198518,0.0,2491223.71588636
"14/12/2012",108.25,24004.61399985,0.0,2465708.85999985
"15/12/2012",107.6,24404.47999986,0.0,2216234.01999978
"16/12/2012",110.17,24304.22399988,0.0,2008661.73999979
"17/12/2012",109.35,16218.4919999,0.0,2410702.9999997
"18/12/2012",109.28,20607.35799988,0.0,2506118.81999971
"19/12/2012",109.95,25545.52799991,0.0,2519287.25999965
"20/12/2012",110.57,21845.02197274,0.0,2451506.7100036
"21/12/2012",109.35,18214.01999989,0.0,2452871.23999973
"22/12/2012",109.96,25250.76399989,0.0,2113989.07999976
"23/12/2012",109.95,33319.485999900004,0.0,1877621.79999972
"24/12/2012",110.57,25107.08399991,0.0,1930075.97999971
"25/12/2012",109.13,21751.04999989,0.0,1781020.39999977
"26/12/2012",110.72,18716.6059999,0.0,2310859.47999959
"27/12/2012",110.04,17011.61199993,0.0,2336833.77999966
"28/12/2012",108.44,17717.0220433,0.0,2194589.37032582
"30/12/2012",110.72,24393.60999991,0.0,1793328.45999972
"31/12/2012",110.04,22423.297999899998,0.0,1808295.69999965
"01/01/2013",110.05,23653.48599989,0.0,1650502.29999969
"02/01/2013",112.98,19405.03398469,0.0,2082544.38450447
"03/01/2013",113.03,20866.89799987,0.0,2236466.02999972
"04/01/2013",110.8,24933.80799986,0.0,2251945.65999977
"06/01/2013",112.98,16297.403999870001,0.0,1911279.1979997
"07/01/2013",113.03,20239.04799986,0.0,2376401.97799981
"08/01/2013",112.58,21741.69000767,0.0,2460761.63840593
"09/01/2013",113.07,18994.68608315,0.0,2436554.34707192
"10/01/2013",112.97,21854.86799991,0.0,2380610.25399971
"11/01/2013",112.49,22680.38799987,0.0,2262435.17599974
"12/01/2013",113.03,23366.06199988,0.0,2022577.51999975
"13/01/2013",113.07,21658.68199988,0.0,1798223.40599977
"14/01/2013",112.97,17786.06599982,0.0,2227769.74199973
"15/01/2013",110.3,15625.07599991,0.0,2297633.74399969
"16/01/2013",110.97,14125.63803243,0.0,2312559.85873395
"17/01/2013",111.01,16039.49002204,0.0,2324389.96720082
"18/01/2013",111.32,13372.78400567,0.0,2348383.67293713
"19/01/2013",111.72,10596.83998648,0.0,2137387.44287661
"20/01/2013",110.97,11017.81799991,0.0,1830887.85399982
"21/01/2013",111.01,16700.64799988,0.0,2234585.93799967
"22/01/2013",111.71,23986.86999992,0.0,2299857.12599973
"23/01/2013",113.68,19010.1719999,0.0,2356205.14999973
"24/01/2013",114.59,14281.01799988,0.0,2428372.69399978
"25/01/2013",113.88,21767.46599989,0.0,2424373.5899998
"26/01/2013",112.72,12765.11399988,0.0,2175680.31399973
"27/01/2013",113.68,13169.78199988,0.0,1837109.5739996901
"28/01/2013",114.59,21986.46799991,0.0,2284768.42599977
"29/01/2013",113.88,25922.8379999,0.0,2354848.92599976
"30/01/2013",115.42,24178.70199992,0.0,2383810.56799972
"31/01/2013",115.55,23686.97999986,0.0,2421947.49199974
"01/02/2013",113.92,23283.1979999,0.0,2464812.92399982
"02/02/2013",115.22,23342.11399991,0.0,2224651.8079997
"03/02/2013",115.42,23836.03599988,0.0,1942130.40799987
"04/02/2013",115.55,20013.64399989,0.0,2359941.5679998
"05/02/2013",115.55,21812.25799986,0.0,2371292.01199978
"07/02/2013",117.17,25812.82599991,0.0,2366549.95999969
"08/02/2013",116.06,22935.74999987,0.0,2342096.41999976
"09/02/2013",117.03,24834.9339999,0.0,2140314.36199987
"11/02/2013",117.17,20324.56999988,0.0,2118229.3619998298
"12/02/2013",118.9,20399.09599985,0.0,2158153.6979998
"13/02/2013",118.43,19826.11199982,0.0,2427056.75599977
"14/02/2013",118.48,14530.80999991,0.0,2552842.15199977
"15/02/2013",118.29,11544.22799986,0.0,2583518.32599968
"16/02/2013",117.89,14810.4639999,0.0,2386783.50999977
"17/02/2013",118.43,8646.120018309999,0.0,2090060.81369102
"18/02/2013",118.48,16273.0899836,0.0,2530570.83399189
"19/02/2013",117.4,20547.89599986,0.0,2555124.72399977
"20/02/2013",116.23,25367.6499999,0.0,2568505.32799977
"21/02/2013",114.19,24658.01799991,0.0,2547428.69399985
"22/02/2013",113.74,21304.84799984,0.0,2546681.57599977
"23/02/2013",117.04,30858.99599986,0.0,2232704.61799972
"24/02/2013",116.23,28762.75999994,0.0,1978204.11199978
"25/02/2013",114.19,22246.5139999,0.0,2512697.8319997
"26/02/2013",113.74,18348.17599983,0.0,2584768.90799984
"27/02/2013",112.24,19043.19799988,0.0,2558023.34599976
"28/02/2013",112.2,21119.93799983,0.0,2547026.37999981
"01/03/2013",114.55,30212.47999988,0.0,2479539.24199986
"02/03/2013",112.96,32006.54199989,0.0,2216149.61399974
"03/03/2013",112.24,21527.38999989,0.0,2023233.76199972
"04/03/2013",112.2,18457.76399988,0.0,2528416.81799981
"05/03/2013",110.14,17985.46199983,0.0,2613699.60799986
"06/03/2013",110.27,21229.71999986,0.0,2595615.10199973
"07/03/2013",110.42,23541.13199986,0.0,2603115.16999966
"08/03/2013",109.9,19224.79399993,0.0,2629201.38399971
"09/03/2013",110.42,12899.533999880001,0.0,2387624.92199974
"10/03/2013",110.27,19547.22199985,0.0,2115718.34199976
"11/03/2013",110.42,18929.09199986,0.0,2568012.1339998
"12/03/2013",108.91,18859.64999991,0.0,2635085.46199973
"13/03/2013",107.51,18988.60199991,0.0,2625745.4699998302
"14/03/2013",108.1,17415.3219999,0.0,2543424.55999979
"15/03/2013",108.64,22299.08399988,0.0,2471395.52199975
"16/03/2013",108.48,23596.77999986,0.0,2251639.95199983
"17/03/2013",107.51,17517.26199984,0.0,2048448.15399979
"18/03/2013",108.1,21309.90999992,0.0,2366610.63199974
"19/03/2013",109.32,25384.54599983,0.0,2344318.9419997
"20/03/2013",108.27,23571.93599989,0.0,2361703.71599979
"21/03/2013",106.41,19957.35599984,0.0,2397132.45199975
"22/03/2013",108.54,17349.6339999,0.0,2433689.36999972
"24/03/2013",108.27,16699.27399986,0.0,2002538.51999975
"25/03/2013",106.41,15195.03599989,0.0,2387104.1719997
"26/03/2013",106.51,12015.02999987,0.0,2455258.30399983
"27/03/2013",108.51,14559.87599985,0.0,2399063.37599971
"28/03/2013",108.45,10806.78599989,0.0,2336955.34599985
"29/03/2013",106.66,18644.83399988,0.0,1916476.81399978
"30/03/2013",107.1,28611.89999989,0.0,1993103.4879998
"31/03/2013",108.51,17497.63599993,0.0,1922710.73599978
"01/04/2013",108.45,17885.08205733,0.0,2404182.2169332
"02/04/2013",109.66,21939.4779999,0.0,2471838.58999967
"03/04/2013",107.82,21153.5279999,0.0,2484467.97199967
"04/04/2013",105.09,24180.25799984,0.0,2468586.86999971
"05/04/2013",108.76,23193.7979999,0.0,2422088.00999965
"06/04/2013",109.66,16959.52799987,0.0,2214315.22199975
"07/04/2013",107.82,6734.84199985,0.0,2105580.37199984
"08/04/2013",105.09,5797.71199989,0.0,2407060.27599969
"09/04/2013",103.98,14451.09199988,0.0,2424386.11399968
"10/04/2013",104.8,25316.59599988,0.0,2421322.45399979
"11/04/2013",103.62,28547.89999987,0.0,2452267.99399984
"12/04/2013",103.16,22089.79999993,0.0,2493437.02399973
"13/04/2013",104.08,21098.72799987,0.0,2409781.27999968
"14/04/2013",104.8,11960.85999986,0.0,2042606.19199979
"15/04/2013",103.62,20215.25799993,0.0,2340643.2739998
"16/04/2013",100.58,15104.68199995,0.0,2367893.19799989
"17/04/2013",96.84,7296.01799993,0.0,2367658.0639998
"18/04/2013",97.48,9363.31999989,0.0,2354896.07999981
"19/04/2013",99.32,9636.2139999,0.0,2377353.9179997197
"20/04/2013",97.88,6529.85799988,0.0,2243874.04399978
"21/04/2013",96.84,12428.98599992,0.0,1986912.63599968
"22/04/2013",97.48,18166.83999981,0.0,2239761.41599969
"23/04/2013",98.94,12715.88199989,0.0,2288535.69599969
"24/04/2013",100.71,6458.55599989,0.0,2327134.51799978
"25/04/2013",101.62,11047.39399986,0.0,2282444.51999984
"26/04/2013",99.07,12838.14996522,0.0,2250254.45973598
"27/04/2013",99.25,17591.90199989,0.0,2042116.1079998
"28/04/2013",100.71,17734.65199991,0.0,1863958.14999971
"29/04/2013",101.62,10091.02399993,0.0,2223989.91399983
"30/04/2013",102.39,11601.95599991,0.0,2295326.73999976
"01/05/2013",98.34,18633.69399986,0.0,1996875.75599976
"02/05/2013",100.32,17977.80799986,0.0,2305774.04199975
"03/05/2013",102.88,17952.2639999,0.0,2308137.30599968
"04/05/2013",101.53,15684.5199999,0.0,2105299.27999978
"05/05/2013",98.34,14362.3879999,0.0,1886564.05599983
"06/05/2013",100.32,12672.85199989,0.0,2236200.57799986
"07/05/2013",104.6,21213.69999984,0.0,2216687.38799981
"08/05/2013",103.79,11589.86399989,0.0,2227602.5319998
"09/05/2013",103.59,15802.19199983,0.0,2219541.53799969
"10/05/2013",105.0,23589.1739999,0.0,2190251.11399978
"11/05/2013",105.18,17813.76399993,0.0,1988111.11599991
"12/05/2013",103.79,15322.64599989,0.0,1787431.57599986
"13/05/2013",103.59,17524.66399987,0.0,2222560.98999982
"14/05/2013",101.31,14059.51799988,0.0,2316839.28199977
"15/05/2013",101.57,14933.87599985,0.0,2321033.40399978
"16/05/2013",104.27,22440.73599983,0.0,2322396.67399972
"17/05/2013",102.17,11884.3079999,0.0,2255991.86199971
"18/05/2013",102.7,15664.10999983,0.0,2049175.90799973
"19/05/2013",101.57,12232.14199994,0.0,1869370.51599979
"20/05/2013",104.27,9117.1579999,0.0,2212471.27199979
"21/05/2013",103.83,9151.5639999,0.0,2250790.61999978
"22/05/2013",102.14,9771.83999986,0.0,2272772.36599968
"23/05/2013",100.46,9103.19199986,0.0,2258010.33999979
"24/05/2013",104.55,8891.84999993,0.0,2240569.15599976
"25/05/2013",103.1,12430.77999985,0.0,2000820.60999979
"26/05/2013",102.14,19322.76999987,0.0,1774448.8659998
"27/05/2013",100.46,16754.80599991,0.0,2175344.42399979
"28/05/2013",101.24,18714.89599986,0.0,2284850.62199979
"29/05/2013",102.14,20579.49599984,0.0,2292959.96199983
"30/05/2013",101.79,19851.53999985,0.0,2058452.51199982
"31/05/2013",100.43,20272.09799992,0.0,2126267.9039997
"01/06/2013",103.77,17692.52799988,0.0,1996275.22999979
"02/06/2013",102.14,16829.72599986,0.0,1827662.46599979
"03/06/2013",101.79,10990.22599986,0.0,2203365.10399983
"04/06/2013",100.43,11997.13399982,0.0,2227729.53599981
"05/06/2013",103.51,16795.43799983,0.0,2163955.5259998
"06/06/2013",103.37,18950.90799989,0.0,2167785.32199982
"07/06/2013",101.63,16253.34399985,0.0,2179139.70399973
"08/06/2013",102.04,17903.565999899998,0.0,1956608.84199977
"09/06/2013",103.51,19649.13199992,0.0,1811077.51999983
"10/06/2013",103.37,14896.78999985,0.0,2155826.20999972
"11/06/2013",104.07,13682.7699999,0.0,2193491.58799987
"12/06/2013",103.11,12537.56199991,0.0,2185479.41999978
"13/06/2013",103.38,11059.4859999,0.0,2157494.50399976
"14/06/2013",103.87,14013.04199991,0.0,2181160.2839998
"15/06/2013",101.5,18146.76999987,0.0,1986392.08599974
"16/06/2013",103.11,24305.37199992,0.0,1821771.40799971
"17/06/2013",103.38,15072.59399992,0.0,2215027.76199976
"18/06/2013",105.1,15364.84799988,0.0,2222445.59399977
"19/06/2013",105.56,19336.517999890002,0.0,2181637.77599979
"20/06/2013",102.72,24617.27999987,0.0,2215617.72599966
"21/06/2013",105.8,19595.89599985,0.0,2239532.36399977
"22/06/2013",105.21,19032.32399988,0.0,2020803.68399982
"23/06/2013",105.56,14112.12399985,0.0,1839837.10999979
"24/06/2013",102.72,23673.1439999,0.0,2119461.29799982
"25/06/2013",100.36,12886.25199986,0.0,2222128.13999976
"26/06/2013",100.62,17801.55199986,0.0,2257917.49199968
"27/06/2013",102.74,15600.36999993,0.0,2304601.37199979
"28/06/2013",99.8,16486.80999988,0.0,2276147.34399975
"29/06/2013",101.51,15489.53999983,0.0,2133763.39399986
"30/06/2013",100.62,14767.53999988,0.0,1826252.6019998
"01/07/2013",102.74,14675.12599982,0.0,2147152.46799968
"02/07/2013",102.49,17731.42999989,0.0,2164755.93799978
"03/07/2013",106.12,18250.42399989,0.0,2192966.26799977
"05/07/2013",103.19,15970.77599988,0.0,2260927.07399971
"06/07/2013",103.96,16504.03599985,0.0,2151200.05199976
"07/07/2013",106.12,20849.63799991,0.0,1909891.50799971
"08/07/2013",107.75,18564.14599996,0.0,2265911.69799972
"09/07/2013",107.46,25358.48599987,0.0,2248217.76799977
"10/07/2013",108.43,15386.3379999,0.0,2309347.60999979
"11/07/2013",108.18,14864.31199991,0.0,2277283.5379998
"12/07/2013",107.75,14958.70999987,0.0,2296262.95599974
"13/07/2013",107.9,14884.01599987,0.0,2164611.6519998
"14/07/2013",108.43,15103.23399989,0.0,1899284.68999973
"15/07/2013",108.18,15315.96799988,0.0,2283733.0479998398
"16/07/2013",109.03,14247.26599987,0.0,2367036.10599981
"17/07/2013",109.67,23330.03799986,0.0,2347482.94199981
"18/07/2013",109.71,23471.309999869998,0.0,2350900.62799979
"19/07/2013",109.05,20155.2459999,0.0,2374858.97399983
"20/07/2013",109.29,13421.17199986,0.0,2189662.16799979
"21/07/2013",109.67,17055.7299999,0.0,1966785.21799978
"22/07/2013",109.71,29036.82196474,0.0,2353561.12689421
"23/07/2013",109.34,27372.41799178,0.0,2369956.53284531
"24/07/2013",108.23,20942.50799992,0.0,2326403.72799969
"25/07/2013",108.1,18528.10599981,0.0,2337621.90999975
"26/07/2013",108.82,23252.8319999,0.0,2289847.77399977
"27/07/2013",109.27,21380.4859999,0.0,2062369.09399976
"28/07/2013",108.23,17679.54599991,0.0,1835657.3979998
"29/07/2013",108.1,17893.51199986,0.0,2246157.53199968
"30/07/2013",107.57,23879.22199994,0.0,2330248.82999979
"31/07/2013",107.89,24787.91999993,0.0,2332603.7119998
"01/08/2013",109.94,21169.56799989,0.0,2347930.65399969
"02/08/2013",108.1,21423.83199991,0.0,2386552.31399974
"03/08/2013",107.47,26273.24999991,0.0,2127268.70999977
"04/08/2013",107.89,27315.25199987,0.0,1859254.62399968
"05/08/2013",109.94,26378.55799987,0.0,2300393.18199965
"06/08/2013",109.63,28898.86599991,0.0,2381433.12599972
"07/08/2013",108.39,37334.999999910004,0.0,2358298.18399973
"08/08/2013",107.32,27078.293999909998,0.0,2394508.61117371
"09/08/2013",109.81,25397.2859975,0.0,2416607.45007738
"10/08/2013",108.77,24755.77399991,0.0,2143719.66113172
"11/08/2013",108.39,24706.72599986,0.0,1848941.31719371
"12/08/2013",107.32,22149.06999989,0.0,2296013.44254973
"13/08/2013",108.49,25298.45999994,0.0,2411199.96799964
"14/08/2013",110.26,29052.62599986,0.0,2399125.16999971
"15/08/2013",111.58,27037.30799982,0.0,2331274.70999972
"16/08/2013",109.28,26878.67999985,0.0,2310931.40799978
"17/08/2013",110.69,24547.9279999,0.0,2131043.33399981
"18/08/2013",110.26,27928.50999989,0.0,1830251.50799981
"19/08/2013",111.58,27810.47599985,0.0,2241177.79399976
"20/08/2013",111.82,26206.97799987,0.0,2321247.25399978
"21/08/2013",110.82,30027.44399991,0.0,2341182.5499998
"22/08/2013",110.51,29934.24999992,0.0,2352564.67999977
"23/08/2013",111.41,28639.17199985,0.0,2395168.1819997
"24/08/2013",110.74,29163.97999987,0.0,2175548.75599982
"25/08/2013",110.82,30569.90399988,0.0,1971301.35199975
"26/08/2013",110.51,24562.62999982,0.0,2381650.6459998298
"27/08/2013",112.12,30114.52399988,0.0,2394418.80599975
"28/08/2013",116.27,18598.14599995,0.0,2325280.99599979
"29/08/2013",116.91,22051.80599984,0.0,2368757.92199972
"30/08/2013",112.23,23705.92399989,0.0,2360119.4959997
"31/08/2013",115.21,24784.8979999,0.0,2187689.19199982
"01/09/2013",116.27,28064.58599985,0.0,1905579.62599973
"02/09/2013",116.91,24869.82199991,0.0,2400607.02199981
"03/09/2013",115.97,25864.64599994,0.0,2472259.67799982
"04/09/2013",115.65,23283.58399988,0.0,2459356.86999963
"05/09/2013",115.81,41472.73599987,0.0,2377063.43199981
"06/09/2013",117.15,29684.82399986,0.0,2358777.26199957
"07/09/2013",115.49,33611.609999860004,0.0,1962022.72399981
"08/09/2013",115.65,29381.69399982,0.0,1848510.77199981
"09/09/2013",115.81,31156.90599984,0.0,2303356.6359998
"10/09/2013",117.15,35329.85399988,0.0,2394995.01799974
"11/09/2013",112.37,31908.01400737,0.0,2397730.71617742
"12/09/2013",113.11,28129.70799981,0.0,2443748.18999979
"13/09/2013",115.2,28711.40799989,0.0,2451902.06999972
"14/09/2013",112.1,30147.89599987,0.0,2221050.89399976
"15/09/2013",112.37,29908.91999983,0.0,1966821.65199972
"16/09/2013",113.11,28417.85599989,0.0,2448669.85799964
"17/09/2013",113.31,37688.6959999,0.0,2477179.28199972
"18/09/2013",109.09,33388.81399982,0.0,2450508.28999973
"19/09/2013",110.66,31362.26599988,0.0,2434517.65199974
"20/09/2013",110.86,36983.04999992,0.0,2400197.12599976
"21/09/2013",109.05,21688.44199981,0.0,2242360.87199967
"22/09/2013",109.09,30084.21999994,0.0,1990242.15399987
"23/09/2013",110.66,24277.68793665,0.0,2407183.14995079
"24/09/2013",110.22,29170.76799991,0.0,2448159.9119998
"25/09/2013",109.46,20934.03599985,0.0,2357014.75399967
"26/09/2013",108.86,19966.70599988,0.0,2355003.4839998
"27/09/2013",108.56,32735.72599988,0.0,2352388.30599972
"28/09/2013",107.68,32804.64399986,0.0,2132747.48199977
"29/09/2013",109.46,31445.45599989,0.0,1876773.2519996301
"30/09/2013",108.86,26916.995999849998,0.0,2348009.34999979
"01/10/2013",109.45,28093.22799989,0.0,2428919.73399975
"02/10/2013",109.09,26237.42199988,0.0,2452900.70999974
"03/10/2013",109.49,28428.16199989,0.0,2467393.92599967
"04/10/2013",107.85,27915.15599988,0.0,2450265.5939997
"05/10/2013",107.32,24278.97999989,0.0,2233388.35799968
"06/10/2013",109.09,16633.89599989,0.0,1936575.30199982
"07/10/2013",109.49,27259.85599991,0.0,2306254.66799966
"08/10/2013",109.42,39635.30599989,0.0,2345374.4859998
"09/10/2013",109.02,40782.35399987,0.0,2374265.79199978
"10/10/2013",111.63,36681.07399983,0.0,2417920.17599978
"11/10/2013",109.66,34221.08599988,0.0,2404620.8959998
"12/10/2013",110.56,31730.36199982,0.0,2020424.61799971
"13/10/2013",109.02,28906.10803589,0.0,1881331.81100543
"14/10/2013",111.63,25779.42399986,0.0,2425803.40199975
"15/10/2013",110.65,25840.05999989,0.0,2508463.98799981
"16/10/2013",110.79,38555.59999989,0.0,2491726.54799978
"17/10/2013",109.55,32214.20393228,0.0,2477508.64490396
"18/10/2013",110.13,25134.8639999,0.0,2493188.07599967
"19/10/2013",110.67,23579.84599993,0.0,2183475.00999976
"20/10/2013",110.79,27452.595999870002,0.0,1822779.53999974
"21/10/2013",109.55,35071.60199989,0.0,2422797.51799975
"22/10/2013",109.57,35465.25599991,0.0,2508771.95199973
"23/10/2013",107.74,41339.62799989,0.0,2509734.80599974
"24/10/2013",106.63,34511.14999989,0.0,2532742.7959997198
"25/10/2013",109.47,33345.15399988,0.0,2508831.13799978
"26/10/2013",109.57,39150.20199988,0.0,2228575.23999975
"27/10/2013",107.74,31742.35599988,0.0,2001220.04999978
"28/10/2013",106.63,22919.3159999,0.0,2344696.13999974
"29/10/2013",105.7,35888.85199987,0.0,2383583.8119996698
"30/10/2013",108.41,43340.12810192,0.0,2369875.41332677
"31/10/2013",107.53,42473.24999994,0.0,2385476.01399979
"01/11/2013",108.29,43833.38999988,0.0,2369324.91599978
"02/11/2013",108.04,36590.24399986,0.0,1981457.56999968
"03/11/2013",108.41,27901.11399991,0.0,1871681.65799981
"04/11/2013",107.53,23506.00399988,0.0,2414290.88199973
"05/11/2013",105.78,26427.79199987,0.0,2424951.58599981
"06/11/2013",105.46,39023.32199995,0.0,2365869.29799977
"07/11/2013",103.08,38344.82599983,0.0,2355193.21999978
"08/11/2013",104.85,37119.34199984,0.0,2370394.01199986
"09/11/2013",105.01,31297.69399986,0.0,2184012.02399975
"10/11/2013",105.46,37160.16599984,0.0,1939552.48399977
"11/11/2013",103.08,34256.68999986,0.0,2539418.15199973
"12/11/2013",104.29,33862.56799987,0.0,2592295.26199987
"13/11/2013",106.9,28721.72399988,0.0,2514611.7219997398
"14/11/2013",108.29,38951.07599992,0.0,2429104.76999984
"15/11/2013",105.76,39523.80799987,0.0,2114780.40599966
"16/11/2013",106.29,34533.40999981,0.0,2078295.75399977
"17/11/2013",106.9,33158.17399985,0.0,1904876.95599973
"18/11/2013",108.29,41504.22999988,0.0,2337164.39199976
"19/11/2013",108.25,33454.31999984,0.0,2473842.6259998
"20/11/2013",108.27,32316.28404093,0.0,2438319.25302309
"21/11/2013",109.9,29506.17012283,0.0,2565746.53975159
"22/11/2013",108.8,25608.17399983,0.0,2527481.30399982
"23/11/2013",108.29,32001.859999880002,0.0,2201366.25199972
"24/11/2013",108.27,29311.13999985,0.0,1904780.10199981
"25/11/2013",109.9,38719.52199979,0.0,2368097.92399983
"26/11/2013",111.36,30708.87999987,0.0,2386873.44799985
"27/11/2013",111.32,29221.23399987,0.0,2400762.02799975
"29/11/2013",110.83,28696.88199984,0.0,2445942.06999976
"30/11/2013",112.04,38466.24199982,0.0,2270740.8219998
"01/12/2013",111.32,0.0,0.0,0.0
"02/12/2013",111.49,26704.78188188,0.0,2422166.88647623
"03/12/2013",111.07,22347.79799989,0.0,2613220.84999981
"04/12/2013",113.27,22855.27799987,0.0,2608489.26199978
"05/12/2013",112.07,24173.95799984,0.0,2592765.2079998
"06/12/2013",111.49,19270.27399994,0.0,2536633.65799983
"07/12/2013",113.06,19954.38599983,0.0,2333626.99199981
"08/12/2013",113.27,27328.82799988,0.0,2090800.67999983
"09/12/2013",112.07,27212.81599983,0.0,2550224.8719998
"10/12/2013",111.5,30342.44599988,0.0,2585035.33599977
"11/12/2013",109.47,23604.29199986,0.0,2559976.58999972
"12/12/2013",108.99,26112.5719999,0.0,2499429.62399979
"13/12/2013",110.07,30892.33799989,0.0,2453450.6259998
"14/12/2013",108.91,28681.77199993,0.0,2256939.3399998
"15/12/2013",109.47,28108.46999992,0.0,2044679.45999987
"16/12/2013",108.99,26432.34199989,0.0,2456436.77999972
"17/12/2013",108.08,27519.29199988,0.0,2478253.92799974
"18/12/2013",109.56,29349.86199994,0.0,2499747.23199974
"19/12/2013",110.78,31188.57399987,0.0,2510113.24599975
"20/12/2013",110.3,23787.78599991,0.0,2520785.74999978
"21/12/2013",108.91,24149.80999991,0.0,2265570.28599977
"22/12/2013",109.56,24390.67999991,0.0,2031659.97599969
"23/12/2013",110.78,27771.15399988,0.0,2276298.12199985
"24/12/2013",112.15,26820.55999993,0.0,2104113.24199977
"26/12/2013",111.65,29435.35599984,0.0,2406868.45999979
"27/12/2013",111.58,26395.4959999,0.0,2502341.65599966
"28/12/2013",111.57,31382.11399986,0.0,2380391.7339998
"30/12/2013",111.65,31708.42199989,0.0,2385595.09999969
"31/12/2013",112.06,30641.8799999,0.0,2208243.99799978
"02/01/2014",107.94,39793.64643785,0.0,2482740.18999979
"03/01/2014",110.47,36503.10300233,0.0,2567396.57444693
"04/01/2014",109.95,29357.23985391,0.0,2402822.8799997
"06/01/2014",107.94,30069.68727589,0.0,2580658.68599969
"07/01/2014",106.57,29637.52249588,0.0,2644183.02199975
"08/01/2014",107.42,28887.80559392,0.0,2677978.4619997
"09/01/2014",107.49,26361.32716584,0.0,2684395.2259997698
"10/01/2014",106.71,27459.24401786,0.0,2723979.76999974
"11/01/2014",107.01,33581.10918992,0.0,2423990.10199971
"12/01/2014",107.42,28576.10334187,0.0,2065555.93599987
"13/01/2014",107.49,25299.80807189,0.0,2523480.40599977
"14/01/2014",106.44,30288.29952388,0.0,2592712.87199975
"15/01/2014",108.09,23708.6855419,0.0,2624584.56199976
"16/01/2014",107.46,27569.87212092,0.0,2605389.00915001
"17/01/2014",108.02,26843.33587786,0.0,2641236.99199973
"18/01/2014",107.12,28213.25389385,0.0,2334079.32399973
"19/01/2014",108.09,28602.5281439,0.0,2114988.12999977
"20/01/2014",107.46,32607.35354918,0.0,2567309.2937985
"21/01/2014",108.45,34347.28954989,0.0,2690076.75199983
"22/01/2014",109.69,31363.83442098,0.0,2729620.79694885
"23/01/2014",109.69,31789.92527983,0.0,2795948.88599977
"24/01/2014",108.01,39750.44628189,0.0,2750832.35599973
"25/01/2014",109.17,31384.03972587,0.0,2432288.06399983
"26/01/2014",109.69,37306.00089589,0.0,2144987.29399967
"27/01/2014",109.69,33185.99729186,0.0,2667166.03199976
"28/01/2014",109.14,34388.43925585,0.0,2796222.3619998298
"29/01/2014",108.83,31689.45154959,0.0,2796641.99999968
"30/01/2014",109.36,20658.04486984,0.0,2809536.80999973
"31/01/2014",108.72,23551.81052985,0.0,2780317.60799978
"01/02/2014",109.1,0.0,0.0,0.0
"02/02/2014",108.83,36687.40899791,0.0,2131984.76999971
"03/02/2014",109.36,27720.77057988,0.0,2714435.0399997598
"04/02/2014",108.16,24656.03363404,0.0,2761504.903904
"05/02/2014",106.81,29353.145731829998,0.0,2824819.2219997398
"06/02/2014",108.15,26564.87137921,0.0,2815687.23867546
"07/02/2014",106.55,25852.98616789,0.0,2801035.95399977
"08/02/2014",107.04,29420.41171791,0.0,2491233.09399975
"09/02/2014",106.81,29080.95053382,0.0,2188025.84399978
"10/02/2014",108.15,29749.84208925,0.0,2705611.73672237
"11/02/2014",110.12,36273.70577382,0.0,2783347.46199976
"12/02/2014",108.62,26957.40785788,0.0,2761524.00399977
"13/02/2014",108.98,31298.19296869,0.0,2689517.02527707
"14/02/2014",110.18,37319.84250791,0.0,2573621.94760906
"15/02/2014",109.21,41866.70163907,0.0,2188180.28384532
"16/02/2014",108.62,35002.12355984,0.0,1872538.9919998301
"17/02/2014",108.98,27434.16138989,0.0,2391240.56599974
"18/02/2014",108.63,35404.73106586,0.0,2440659.01999974
"19/02/2014",110.37,42514.09458385,0.0,2458590.77799973
"20/02/2014",109.42,30205.47255589,0.0,2475972.06799978
"21/02/2014",109.03,30190.8476779,0.0,2525488.25999982
"22/02/2014",110.14,30264.64488388,0.0,2247131.40399983
"23/02/2014",110.37,31029.71345791,0.0,1959844.10799973
"24/02/2014",109.42,33271.10197391,0.0,2504576.47799978
"25/02/2014",109.03,32229.58630801,0.0,2541442.27569497
"26/02/2014",109.39,39723.93919038,0.0,2559609.95505046
"27/02/2014",108.54,31119.06535985,0.0,2603790.44999975
"28/02/2014",109.76,23665.061789890002,0.0,2564474.5379998
"01/03/2014",109.19,25802.19695984,0.0,2186169.65399971
"02/03/2014",109.39,25058.11509782,0.0,1881341.47599978
"03/03/2014",108.54,40281.13569782,0.0,2071088.71199979
"04/03/2014",108.98,39682.85559188,0.0,2048676.91799976
"05/03/2014",108.15,34957.33925992,0.0,2324560.13599979
"06/03/2014",107.99,27473.99997186,0.0,2457285.59399982
"07/03/2014",111.26,16326.6242299,0.0,2465052.25599976
"08/03/2014",109.17,20420.13207735,0.0,2173890.57679459
"09/03/2014",108.15,23447.72126384,0.0,1916855.5059998
"10/03/2014",107.99,22911.3750179,0.0,2453084.48199978
"11/03/2014",109.14,23537.68891986,0.0,2510660.01199974
"12/03/2014",107.88,21302.51498991,0.0,2488291.71999971
"13/03/2014",107.48,29493.77996784,0.0,2477416.6719997
"14/03/2014",108.27,30602.1262999,0.0,2514837.23399975
"15/03/2014",108.35,32676.24419386,0.0,2278242.76799979
"16/03/2014",107.88,32281.70137587,0.0,2024803.08399985
"17/03/2014",107.48,31786.99073184,0.0,2540620.39199983
"18/03/2014",108.08,25085.16720788,0.0,2547983.32199979
"19/03/2014",105.95,28149.69812789,0.0,2515904.14599976
"20/03/2014",105.73,34834.64429185,0.0,2500986.69399978
"21/03/2014",106.99,34320.24962784,0.0,2514931.1799997
"22/03/2014",106.79,39163.65725382,0.0,2169225.29199979
"23/03/2014",105.95,26187.3501999,0.0,1831465.07599977
"24/03/2014",105.73,33285.27028582,0.0,2261233.89399974
"25/03/2014",107.2,35347.76597793,0.0,2323686.83399983
"26/03/2014",105.9,28319.68832,0.0,2362712.50399979
"27/03/2014",106.58,28002.131707559998,0.0,2376040.59199981
"28/03/2014",106.59,26773.92683561,0.0,2436572.28399978
"29/03/2014",107.01,24086.13054423,0.0,2207914.99799979
"30/03/2014",105.9,30549.37503021,0.0,1952369.55799978
"31/03/2014",106.58,21793.85642401,0.0,2435448.42199973
"01/04/2014",106.64,35073.86361328,0.0,2517050.8539997498
"02/04/2014",103.37,30662.25500222,0.0,2522872.96799975
"03/04/2014",104.88,34285.31022437,0.0,2476421.78399978
"04/04/2014",105.95,26574.97315857,0.0,2447670.10599973
"05/04/2014",105.7,15620.00095861,0.0,2191217.41199974
"06/04/2014",103.37,15062.73131331,0.0,1962936.64599985
"07/04/2014",104.88,16571.14991706,0.0,2456667.00599974
"08/04/2014",106.41,20647.16408441,0.0,2549092.04799974
"09/04/2014",107.39,13778.19429141,0.0,2540994.76799981
"10/04/2014",107.1,17324.98023044,0.0,2494450.57799974
"11/04/2014",104.89,29469.39970031,0.0,2465895.55799978
"12/04/2014",105.83,38146.34197142,0.0,2186967.15999983
"13/04/2014",107.39,46319.28402363,0.0,1876404.77599982
"14/04/2014",107.1,28353.406812549998,0.0,2286969.40199977
"15/04/2014",107.34,28488.42057574,0.0,2307311.3799998
"16/04/2014",109.71,29348.958684960002,0.0,2305378.22161879
"17/04/2014",109.79,29957.20933168,0.0,2329684.37199984
"18/04/2014",107.68,21967.47555806,0.0,1854511.8559997699
"19/04/2014",109.1,28586.21315647,0.0,1921172.6519998
"20/04/2014",109.71,31770.51296135,0.0,1760708.28799973
"21/04/2014",109.79,30765.01052417,0.0,1894078.62399975
"22/04/2014",108.54,31843.4608784,0.0,2292180.13999978
"23/04/2014",108.48,27335.43440037,0.0,2340172.2179998
"24/04/2014",109.79,28788.52563214,0.0,2345135.73399976
"25/04/2014",109.69,22884.40639893,0.0,2267528.05799978
"26/04/2014",108.54,20520.28029667,0.0,2020136.22599982
"27/04/2014",108.48,29668.18150481,0.0,1727989.45799984
"28/04/2014",109.79,35977.83853651,0.0,2117886.25799984
"29/04/2014",109.53,26777.28914036,0.0,2179018.86799979
"30/04/2014",108.63,33175.76783147,0.0,2221045.12999975
"01/05/2014",108.63,39384.13587213,0.0,1867352.12199974
"02/05/2014",109.12,24275.95508608,0.0,2087929.2679998
"03/05/2014",109.89,30145.54447459,0.0,1952541.51199967
"04/05/2014",108.63,26946.31438984,0.0,1762855.22799985
"05/05/2014",108.63,27733.76624737,0.0,2202007.77199983
"06/05/2014",109.48,25307.67121315,0.0,2279130.95799976
"07/05/2014",108.17,19513.23220847,0.0,2296639.46408075
"08/05/2014",108.19,29114.76780338,0.0,2286836.33420161
"09/05/2014",109.48,23253.69661265,0.0,2248243.59547269
"10/05/2014",108.3,25845.17952517,0.0,1940409.53163203
"11/05/2014",108.17,32033.17633006,0.0,1611434.9059373
"12/05/2014",108.19,22210.38775704,0.0,2051560.2917174
"13/05/2014",108.26,17130.30042971,0.0,2120689.4286462
"14/05/2014",109.87,15105.36502377,0.0,2159679.10565915
"15/05/2014",109.74,21338.88904099,0.0,2167527.25250117
"16/05/2014",108.37,16670.84010461,0.0,2215868.95981852
"17/05/2014",108.78,14589.24675941,0.0,1992014.22799974
"18/05/2014",109.87,22610.53107704,0.0,1724009.84852682
"19/05/2014",109.74,16516.176201629998,0.0,2143655.30386697
"20/05/2014",110.9,21250.69824339,0.0,2192333.34144972
"21/05/2014",111.32,34529.10404983,0.0,2171062.60328852
"22/05/2014",110.89,36640.41675161,0.0,2191893.60924933
"23/05/2014",110.84,42662.88650881,0.0,2235446.2058919
"24/05/2014",110.35,34129.26028534,0.0,1963034.07688181
"25/05/2014",111.32,26959.87861869,0.0,1691441.79232124
"26/05/2014",110.89,28675.76689929,0.0,2114644.71721041
"27/05/2014",110.19,27524.2145141,0.0,2158961.07056026
"28/05/2014",109.09,17193.22703778,0.0,2141826.72675316
"29/05/2014",109.98,34472.03069188,0.0,2123977.91862345
"30/05/2014",110.01,53107.38017949,0.0,2063904.01483034
"31/05/2014",109.81,41219.00717506,0.0,1868674.3615095
"01/06/2014",109.09,43224.41254921,0.0,1697168.87373871
"02/06/2014",109.98,47494.51267866,0.0,2103486.03708572
"03/06/2014",109.21,37731.9595189,0.0,2101810.06117305
"04/06/2014",109.07,54029.17157295,0.0,2080763.4741583
"05/06/2014",108.43,47211.33478712,0.0,2141047.9128702898
"06/06/2014",109.34,44175.45460879,0.0,2183271.29636217
"07/06/2014",108.87,57639.52836115,0.0,1949915.69602074
"08/06/2014",109.07,48121.36027687,0.0,1737812.41001824
"09/06/2014",108.43,42738.62725551,0.0,2143077.96793602
"10/06/2014",109.21,55410.21522658,0.0,2139770.87112086
"11/06/2014",109.83,66282.03947611,0.0,2100214.21565868
"12/06/2014",112.18,59930.65550742,0.0,1962665.31161504
"13/06/2014",110.55,38185.12680121,0.0,2105829.93288842
"14/06/2014",109.18,40416.60958444,0.0,1971618.52467012
"15/06/2014",109.83,45605.3544013,0.0,1712886.12919876
"16/06/2014",112.18,46470.12901029,0.0,2056329.11468569
"17/06/2014",113.15,36442.95167698,0.0,2030936.97629761
"18/06/2014",114.25,47320.79497534,0.0,2128311.82199974
"19/06/2014",115.19,43091.4556106,0.0,1926289.79999974
"20/06/2014",113.42,37449.17537194,0.0,2021414.6559997
"21/06/2014",114.02,53941.35892775,0.0,1894733.6879997
"22/06/2014",114.25,60487.286179,0.0,1702299.03199963
"23/06/2014",115.19,47653.6121248,0.0,1929226.48799981
"24/06/2014",114.55,49760.94602978,0.0,2075841.57599979
"25/06/2014",112.84,50329.95770812,0.0,2084525.4199997701
"26/06/2014",112.61,37260.97197187,0.0,2130706.01999976
"27/06/2014",113.62,44077.63373396,0.0,2136270.63199976
"28/06/2014",113.74,61243.95590365,0.0,1871775.07399972
"29/06/2014",112.84,52431.90221646,0.0,1739792.94999981
"30/06/2014",112.61,57441.54970782,0.0,2042200.97399979
"01/07/2014",112.62,58844.35081381,0.0,2097638.83599972
"02/07/2014",110.18,54820.70361551,0.0,2119958.73999973
"03/07/2014",108.98,53912.99162397,0.0,2167801.62799974
"04/07/2014",111.03,59764.67542984,0.0,2033756.69199974
"05/07/2014",110.84,73906.70344432999,0.0,1939983.16599968
"06/07/2014",110.18,73437.62124509,0.0,1756108.00999975
"07/07/2014",108.98,66988.52792934,0.0,2079039.1339998401
"08/07/2014",107.65,54322.608019,0.0,2053447.1639998
"09/07/2014",106.84,62303.88368102,0.0,2038681.41599979
"10/07/2014",106.2,61617.46563338,0.0,2154690.35799977
"11/07/2014",108.7,55409.76188516,0.0,2145822.32599971
"12/07/2014",107.65,59070.82517196,0.0,1898490.7859997
"13/07/2014",106.84,79764.56829845,0.0,1633552.38599972
"14/07/2014",106.2,75356.67332366,0.0,1977598.73799977
"15/07/2014",105.77,76401.34555431,0.0,2058385.73599976
"16/07/2014",105.41,60722.66611296,0.0,2114739.57799982
"17/07/2014",106.04,60115.05029953,0.0,2108672.07199974
"18/07/2014",104.73,61387.65959907,0.0,2101610.13599983
"19/07/2014",104.73,52712.71895232,0.0,1921028.66199979
"20/07/2014",105.41,54537.92479266,0.0,1687578.5339997099
"21/07/2014",106.04,75910.53557484,0.0,2018856.65199977
"22/07/2014",106.03,75406.05762784,0.0,2060901.26799976
"23/07/2014",106.85,79342.87437826,0.0,2082276.1079998
"24/07/2014",105.78,80999.38529334,0.0,2103996.45199981
"25/07/2014",105.71,57928.79150026,0.0,2107663.8719998
"26/07/2014",106.48,62226.17377739,0.0,1872575.89599977
"27/07/2014",106.85,53880.13207221,0.0,1688987.31999982
"28/07/2014",105.78,51774.56818901,0.0,2022925.09399974
"29/07/2014",106.89,73802.41082079,0.0,2039861.36199973
"30/07/2014",106.47,66515.29439782,0.0,2019931.36399971
"31/07/2014",104.94,56462.30982127,0.0,2022838.52399974
"01/08/2014",106.7,60065.59555383,0.0,2038112.86199966
"02/08/2014",106.98,73967.29366244,0.0,1777848.3959997501
"03/08/2014",106.47,71792.4724772,0.0,1613104.96399966
"04/08/2014",104.94,64098.02047605,0.0,2051086.51199972
"05/08/2014",103.45,68476.53628545,0.0,2108413.41999975
"06/08/2014",104.17,81797.88193559,0.0,2052823.76599972
"07/08/2014",104.02,72605.19662539,0.0,2071440.62199981
"08/08/2014",103.63,56687.63370636,0.0,2083629.95399977
"09/08/2014",102.82,73060.85933049,0.0,1783348.18999978
"10/08/2014",104.17,66999.62927252,0.0,1548914.99199972
"11/08/2014",104.02,73537.33082983,0.0,2006072.28599983
"12/08/2014",103.36,68977.2210383,0.0,2129994.2779998
"13/08/2014",102.27,76929.37040988,0.0,2137125.48399972
"14/08/2014",101.15,74163.44055332,0.0,2059289.68399977
"15/08/2014",103.47,97011.70942002,0.0,1979989.95399978
"16/08/2014",101.68,83369.3629166,0.0,1787437.0879997
"17/08/2014",102.27,77040.90469013,0.0,1537830.70399985
"18/08/2014",101.15,68170.85836806,0.0,2003775.27199974
"19/08/2014",101.13,75293.66419508,0.0,2080325.29599975
"20/08/2014",99.92,75623.8662272,0.0,2091095.03199977
"21/08/2014",100.28,65550.62899545,0.0,2110326.88799969
"22/08/2014",99.37,74951.05828912,0.0,2121037.21199981
"23/08/2014",99.74,103244.98348174,0.0,1835446.28199981
"24/08/2014",99.92,91597.64923487,0.0,1578348.92199983
"25/08/2014",100.28,90432.10271661,0.0,2083666.16999967
"26/08/2014",100.09,94902.12002368,0.0,2183886.92799975
"27/08/2014",100.4,71290.25056286,0.0,2095788.58199973
"28/08/2014",100.71,56058.63627337,0.0,2091346.01799978
"29/08/2014",100.49,77863.3748554,0.0,2063268.43999979
"30/08/2014",100.5,92079.04800103,0.0,1765189.78399975
"31/08/2014",100.4,74931.04888153,0.0,1521768.22999983
"01/09/2014",100.71,58822.29239991,0.0,2049317.77999982
"02/09/2014",101.12,59286.14886777,0.0,2152727.28184529
"03/09/2014",100.88,53365.62331502,0.0,2207774.10599978
"04/09/2014",101.21,66814.12347146,0.0,2173910.21799989
"05/09/2014",99.51,84353.49481258,0.0,2081561.89999978
"06/09/2014",100.21,83442.75911838,0.0,1791343.43599968
"07/09/2014",100.88,63862.11186388,0.0,1501933.7199998
"08/09/2014",101.21,61780.89758534,0.0,2009398.14599964
"09/09/2014",99.51,78331.84156206,0.0,2140501.91399982
"10/09/2014",96.26,91033.81016485,0.0,2194122.12799976
"11/09/2014",96.42,84638.52731107,0.0,2200316.92799982
"12/09/2014",99.53,88861.39530859,0.0,2175022.1439997302
"13/09/2014",98.08,75751.85485075,0.0,1960432.9039998201
"14/09/2014",96.26,97873.01778365,0.0,1633191.12999975
"15/09/2014",96.42,89610.18716651,0.0,2172617.4099998
"16/09/2014",96.31,59214.95062363,0.0,2268601.79999978
"17/09/2014",97.7,73364.81185279,0.0,2218839.79399982
"18/09/2014",96.82,85375.81583325,0.0,2238032.85999975
"19/09/2014",96.43,60743.74019042,0.0,2236877.62799977
"20/09/2014",97.39,68789.46306195,0.0,1965833.14599983
"21/09/2014",97.7,66357.07736369,0.0,1693949.94599981
"22/09/2014",96.82,74131.4698635,0.0,2082568.05999982
"23/09/2014",96.75,81915.42372509,0.0,2149611.86999976
"24/09/2014",94.53,81132.75813119,0.0,2184813.27199971
"25/09/2014",95.2,92409.15354688,0.0,2169926.02399977
"26/09/2014",95.37,85467.07591924,0.0,2173908.40799979
"27/09/2014",94.87,83867.94862067,0.0,1907737.52599975
"28/09/2014",94.53,93140.83531155,0.0,1633960.11999981
"29/09/2014",95.2,67013.82216354,0.0,2200832.35599967
"30/09/2014",95.08,66148.49202443,0.0,2274220.16399977
"01/10/2014",94.57,65059.792402959996,0.0,2253938.06999979
"02/10/2014",91.29,68099.89119567,0.0,2158160.70799975
"03/10/2014",95.7,98536.73631372,0.0,2006835.82399977
"04/10/2014",94.67,107419.98437002,0.0,1698751.27889222
"05/10/2014",94.57,107626.37250734,0.0,1513261.20599971
"06/10/2014",91.29,87453.00682964,0.0,1968634.77799971
"07/10/2014",90.8,70775.57406797,0.0,2071445.96799975
"08/10/2014",90.25,86129.12497661,0.0,2128844.97799973
"09/10/2014",90.47,85811.94624668,0.0,2189631.14199981
"10/10/2014",90.65,89870.63276144,0.0,2254399.01199971
"11/10/2014",90.9,88357.94162547,0.0,1989443.94999977
"12/10/2014",90.25,89647.04406737,0.0,1681037.7239997801
"13/10/2014",90.47,91188.23977578,0.0,2244394.07999976
"14/10/2014",88.66,86219.41961899,0.0,2381529.2699997798
"15/10/2014",84.02,103646.57530978,0.0,2345357.62799985
"16/10/2014",84.02,108067.68462849,0.0,2341852.86599978
"17/10/2014",87.82,93434.70309112,0.0,2384846.71599974
"18/10/2014",86.36,76042.72926292,0.0,2048896.4419998
"19/10/2014",84.02,75588.52463806,0.0,1695117.33199979
"20/10/2014",84.02,77215.13211105,0.0,2159480.03599982
"21/10/2014",85.27,78114.93620765,0.0,2192182.62599986
"22/10/2014",86.38,90953.8087558,0.0,2124541.19599978
"23/10/2014",85.94,96397.50500413,0.0,2131280.90399979
"24/10/2014",84.42,98838.04748020999,0.0,2170051.77999977
"25/10/2014",85.17,92393.59513059999,0.0,1891088.10399972
"26/10/2014",86.38,89111.38237671,0.0,1617582.97999974
"27/10/2014",85.94,80611.08670105,0.0,2066188.4099997699
"28/10/2014",86.0,77078.70798982,0.0,2159374.03599974
"29/10/2014",86.91,75162.1375608,0.0,2215544.9679998
"30/10/2014",85.5,88211.97075269,0.0,2254509.36799978
"31/10/2014",85.64,82170.35809587,0.0,2266004.47199979
"01/11/2014",85.57,95716.19535076,0.0,1987630.84599972
"02/11/2014",86.91,105012.23591806,0.0,1655587.5559998099
"03/11/2014",85.5,98183.66915633,0.0,2185475.79799986
"04/11/2014",84.17,71947.74164592,0.0,2304021.7819998
"05/11/2014",82.88,83126.38247572,0.0,2272081.29599975
"06/11/2014",82.08,110413.51414942,0.0,2228958.2399998102
"07/11/2014",84.9,95858.74912255,0.0,2230767.60999983
"08/11/2014",82.12,74201.93295649,0.0,1971088.84399979
"09/11/2014",82.88,59555.03477924,0.0,1668849.76199969
"10/11/2014",82.08,51570.73872686,0.0,2174264.90399973
"11/11/2014",83.2,58156.66900521,0.0,2267288.86399969
"12/11/2014",80.42,53503.7609187,0.0,2327488.65999969
"13/11/2014",77.74,42498.47198233,0.0,2306938.48999974
"14/11/2014",82.9,41940.12861711,0.0,2165237.19799981
"15/11/2014",80.94,52295.41203056,0.0,1673426.26999977
"16/11/2014",80.42,38361.81844997,0.0,1550026.5059998
"17/11/2014",77.74,45708.66042563,0.0,2054276.07599976
"18/11/2014",77.51,68342.67316159,0.0,2133677.5139998
"19/11/2014",77.21,85090.57201998,0.0,2165006.18999972
"20/11/2014",77.61,82909.87919222,0.0,2082491.78799977
"21/11/2014",76.86,83947.325093,0.0,2188416.84399979
"22/11/2014",77.23,98476.0135856,0.0,1994464.41999982
"23/11/2014",77.21,63402.01489367,0.0,1672728.17599979
"24/11/2014",77.61,85354.10533847,0.0,2176401.97799971
"25/11/2014",79.2,91699.30873362,0.0,2260622.17399977
"26/11/2014",77.39,78646.23875318,0.0,2303916.03399972
"28/11/2014",79.62,56452.30856141,0.0,2248546.04999973
"29/11/2014",77.62,96289.30098251,0.0,1894744.99399973
"30/11/2014",77.39,106671.96225382,0.0,1621712.45999971
"01/12/2014",70.87,88236.2015284,0.0,2188400.63999979
"02/12/2014",71.89,98309.60043388,0.0,2287438.81599979
"03/12/2014",70.13,106685.78945111,0.0,2270028.16999968
"04/12/2014",68.48,82404.22953279,0.0,2285465.32799964
"05/12/2014",70.87,72292.320725,0.0,2181688.75599971
"06/12/2014",71.13,83045.18998943,0.0,1855802.57199972
"07/12/2014",70.13,82920.573923,0.0,1638999.36799974
"08/12/2014",68.48,89608.43518325,0.0,2179384.61999972
"09/12/2014",68.0,96957.25968712,0.0,2303292.29799971
"10/12/2014",63.32,90325.940995,0.0,2318059.04599976
"11/12/2014",63.65,88517.92492579,0.0,2303168.83999982
"12/12/2014",65.64,76203.92907678,0.0,2308741.67799979
"13/12/2014",66.11,66810.81156301001,0.0,1987326.70399978
"14/12/2014",63.32,60501.251237129996,0.0,1672628.79999976
"15/12/2014",63.65,54245.40205429,0.0,2093082.91199978
"16/12/2014",61.67,75320.97198676,0.0,2123340.96799971
"17/12/2014",59.84,56410.11886758,0.0,2174483.98199972
"18/12/2014",58.81,45028.78656629,0.0,2266679.85799976
"19/12/2014",61.09,60020.52315387,0.0,2213726.49599979
"20/12/2014",60.26,74519.9785239,0.0,1993084.13999982
"21/12/2014",59.84,68805.03874147,0.0,1718252.81399982
"22/12/2014",58.81,79093.1174866,0.0,2040504.14599983
"23/12/2014",58.87,82830.43148227,0.0,1980300.74399982
"24/12/2014",58.67,107217.73250828,0.0,1638060.85999971
"26/12/2014",58.31,86551.77358375,0.0,1854950.14999978
"27/12/2014",59.07,88060.33106968,0.0,1893625.74399973
"28/12/2014",58.67,70363.54026173,0.0,1823621.6459997
"29/12/2014",57.86,49955.83002906,0.0,2153860.9159997
"30/12/2014",58.72,45325.49524103,0.0,2135460.66999975
"31/12/2014",55.27,54357.92766557,0.0,1881887.85999969
"01/01/2015",55.27,66402.49100378,0.0,1629225.74399982
"02/01/2015",57.86,57800.89845749,0.0,1942432.56199982
"03/01/2015",55.6,43605.36864199,0.0,1908352.17799972
"04/01/2015",55.27,57515.91859034,0.0,1764628.83599973
"05/01/2015",55.27,72933.51459688,0.0,2209605.92599971
"06/01/2015",55.38,88314.84121968,0.0,2326242.95799979
"07/01/2015",49.06,92522.91519338,0.0,2405352.68799972
"08/01/2015",49.43,83989.75211114,0.0,2415841.45029459
"09/01/2015",51.08,92988.71304089,0.0,2456240.0399997
"10/01/2015",50.12,94254.57364721,0.0,2224900.98999967
"11/01/2015",49.06,92389.58544991,0.0,1972780.07999977
"12/01/2015",49.43,84106.79936437,0.0,2543481.1889938
"13/01/2015",47.64,114869.39136867,0.0,2627063.03599981
"14/01/2015",45.82,99684.15488506,0.0,2603892.16399977
"15/01/2015",47.66,99769.88249998,0.0,2582283.57940008
"16/01/2015",46.9,98307.16163678,0.0,2597199.08489811
"17/01/2015",45.13,99787.21446601,0.0,2327687.01599981
"18/01/2015",45.82,91671.6797316,0.0,2060515.08199982
"19/01/2015",47.66,87574.43107317,0.0,2611066.73680236
"20/01/2015",47.38,84551.15908689,0.0,2638158.26881217
"21/01/2015",46.5,88968.57616902,0.0,2620379.00599974
"22/01/2015",46.09,90872.78955967,0.0,2522462.92799972
"23/01/2015",46.69,93665.08687708,0.0,2410567.59731605
"24/01/2015",46.49,89625.85285652,0.0,2148641.61199985
"25/01/2015",46.5,79043.75094679,0.0,1849355.92599978
"26/01/2015",46.09,62190.91545457,0.0,2449974.12399972
"27/01/2015",46.69,86071.50684526,0.0,2521993.93399974
"28/01/2015",47.07,101997.15454357,0.0,2522916.78399983
"29/01/2015",46.61,97308.13680026,0.0,2540693.43999982
"30/01/2015",46.07,80911.94717858,0.0,2559272.79799983
"31/01/2015",46.55,108574.85999677,0.0,2203018.17799976
"01/02/2015",47.07,114622.97197578,0.0,1886608.81981265
"02/02/2015",46.61,100679.79679959,0.0,2385645.65224083
"03/02/2015",47.52,74253.10290625,0.0,2508236.21040761
"04/02/2015",55.07,64569.72247157,0.0,2457245.94566005
"05/02/2015",55.98,49629.45955896,0.0,2397078.6050693
"06/02/2015",51.74,57211.90814082,0.0,2353008.82348793
"07/02/2015",54.41,60249.91054721,0.0,2099067.76452089
"08/02/2015",55.07,70981.45656239,0.0,1870030.34183356
"09/02/2015",55.98,101440.93879687,0.0,2348054.9836412
"10/02/2015",55.88,106031.455327,0.0,2451011.16235418
"11/02/2015",53.48,99327.39620437,0.0,2491062.44830519
"12/02/2015",56.23,94134.43049491,0.0,2568835.60908559
"13/02/2015",57.0,108106.75409242,0.0,2546187.69838181
"14/02/2015",55.79,93285.46926165,0.0,2130205.86352811
"15/02/2015",53.48,85222.29907495,0.0,1792565.99705174
"16/02/2015",56.23,81439.18406122,0.0,1917327.18345052
"17/02/2015",60.33,89845.95446301,0.0,1904437.21600245
"18/02/2015",60.72,96402.82380581,0.0,2179781.4076834
"19/02/2015",58.78,86331.84367902,0.0,2386886.06489692
"20/02/2015",61.57,47304.6969277,0.0,2442233.84703734
"21/02/2015",60.78,51689.12025359,0.0,2164644.39231978
"22/02/2015",60.72,57071.57379931,0.0,1860221.17718431
"23/02/2015",58.78,67705.24000314,0.0,2407511.85539726
"24/02/2015",60.99,68118.41873354,0.0,2474240.83372442
"25/02/2015",59.77,74242.95152278,0.0,2464571.59947469
"26/02/2015",61.39,73700.18501063,0.0,2498416.748849
"27/02/2015",59.78,57227.55561546,0.0,2489149.62777085
"28/02/2015",60.33,41395.78146101,0.0,2146811.10388653
"01/03/2015",59.77,59217.06054563,0.0,1785329.98311441
"02/03/2015",61.39,73582.97215952,0.0,2302288.82098954
"03/03/2015",61.89,78396.90756463,0.0,2409257.00716771
"04/03/2015",59.18,80346.58976995,0.0,2461715.1315557
"05/03/2015",60.33,57245.1877009,0.0,2480727.76999975
"06/03/2015",60.75,46592.12578061,0.0,2468836.98599968
"07/03/2015",61.18,63136.66709842,0.0,2105287.97399982
"08/03/2015",59.18,54632.56606751,0.0,1845421.88199978
"09/03/2015",60.33,54506.69389374,0.0,2335516.77199971
"10/03/2015",59.15,76364.18683348,0.0,2374283.49999977
"11/03/2015",56.46,95677.0638509,0.0,2407620.6379997
"12/03/2015",56.66,76159.55679194,0.0,2402731.9599997
"13/03/2015",58.67,94606.18675325,0.0,2381944.11399965
"14/03/2015",55.95,100286.62919201,0.0,2085403.68799966
"15/03/2015",56.46,85865.74276305,0.0,1827356.32199973
"16/03/2015",56.66,72427.9554835,0.0,2400437.85599968
"17/03/2015",54.8,89819.7814063,0.0,2396917.53399971
"18/03/2015",52.59,91442.43707294,0.0,2357042.48599979
"19/03/2015",52.96,101121.95949522,0.0,2328218.96599974
"20/03/2015",52.0,67859.01343713,0.0,2339649.43799973
"21/03/2015",52.17,43120.305964959996,0.0,2013352.40799976
"22/03/2015",52.59,34950.75279922,0.0,1722188.93799978
"23/03/2015",52.96,26421.97696067,0.0,2200144.68799977
"24/03/2015",53.88,34575.81392386,0.0,2269351.32599976
"25/03/2015",54.18,63062.54376444,0.0,2309086.42599975
"26/03/2015",57.02,57270.31394668,0.0,2380321.52599976
"27/03/2015",53.82,44792.40100648,0.0,2386505.42399965
"28/03/2015",53.61,46021.31190517,0.0,2088251.67999977
"29/03/2015",54.18,57130.54145744,0.0,1768163.54999979
"30/03/2015",57.02,49406.01344904,0.0,2274621.2219997398
"31/03/2015",56.44,59354.50100597,0.0,2376060.3699996998
"01/04/2015",55.73,46968.89111726,0.0,2356525.40999967
"02/04/2015",55.73,38013.16998365,0.0,2290072.38599972
"03/04/2015",53.99,62953.24263559,0.0,1735364.36599973
"04/04/2015",53.69,52785.6503491,0.0,1827479.50399982
"05/04/2015",55.73,45884.36737601,0.0,1734546.81999982
"06/04/2015",55.73,35078.01699205,0.0,2259516.54999959
"07/04/2015",55.73,19698.45797476,0.0,2243301.32315099
"08/04/2015",56.42,47186.75877814,0.0,2188446.8925362
"09/04/2015",56.04,0.0,0.0,0.0
"10/04/2015",55.73,57597.86333163,0.0,2227678.53233418
"11/04/2015",57.55,54733.95073491,0.0,2015054.58270998
"12/04/2015",56.42,55146.72673205,0.0,1766548.70723931
"13/04/2015",56.04,69575.64668249,0.0,2193045.73478159
"14/04/2015",56.82,80866.88029812,0.0,2267411.31126767
"15/04/2015",59.32,88906.89095349,0.0,2305083.29399963
"16/04/2015",60.13,90497.63037114,0.0,2286735.73399971
"17/04/2015",57.14,86951.53213786,0.0,2272595.89399982
"18/04/2015",57.69,78635.95157559,0.0,2026918.16999974
"19/04/2015",59.32,76259.87131938,0.0,1796896.01599976
"20/04/2015",60.13,49217.71612903,0.0,2177548.31799974
"21/04/2015",61.31,46742.62285572,0.0,2007406.83999971
"22/04/2015",60.12,43034.6162721,0.0,2261052.09399969
"23/04/2015",62.66,53583.77356078,0.0,2183685.62599975
"24/04/2015",61.2,52841.73017394,0.0,2211001.26599967
"25/04/2015",60.12,42931.84242425,0.0,1951934.92999976
"26/04/2015",60.12,52540.78048029,0.0,1714687.43399978
"27/04/2015",62.66,74482.19977172,0.0,2116995.93999971
"28/04/2015",62.96,76945.65810831,0.0,2207275.9219997
"29/04/2015",63.97,87581.64512271,0.0,2192271.82399973
"30/04/2015",63.9,68916.73685129,0.0,2126621.73599973
"01/05/2015",62.86,93725.35756277,0.0,1699930.50599978
"02/05/2015",62.61,94166.67322803,0.0,1759223.73599976
"03/05/2015",63.97,91419.40434298001,0.0,1661333.57599975
"04/05/2015",63.9,68002.38798654,0.0,2175589.58199967
"05/05/2015",64.13,54807.80945613,0.0,2205679.05199962
"06/05/2015",66.22,64325.88253379,0.0,2155097.68199966
"07/05/2015",64.93,68125.68709139,0.0,2152561.83599972
"08/05/2015",64.62,73036.08190968,0.0,2114401.73999972
"09/05/2015",65.44,90433.73490609,0.0,1854857.38999975
"10/05/2015",66.22,107543.94999477999,0.0,1653843.51599982
"11/05/2015",64.93,82615.46576068,0.0,2126992.28399968
"12/05/2015",63.82,65177.24158815,0.0,2182546.77399967
"13/05/2015",66.33,106187.15331399,0.0,2098854.55999974
"14/05/2015",65.58,124859.70093774999,0.0,2062816.15999977
"15/05/2015",62.82,110370.63872537,0.0,2042970.59399976
"16/05/2015",65.09,106085.17490893,0.0,1782643.8219998
"17/05/2015",66.33,102505.05818159,0.0,1621761.04999978
"18/05/2015",65.58,100961.3585542,0.0,2001881.9059998
"19/05/2015",64.69,90413.54360232,0.0,2089800.42199973
"20/05/2015",63.52,94460.40418896,0.0,2071265.21799973
"21/05/2015",64.7,113387.24405147,0.0,2065964.53999975
"22/05/2015",65.15,104755.45604424,0.0,2077693.67999967
"23/05/2015",63.48,93812.568951,0.0,1851552.49199972
"24/05/2015",63.52,95749.24290549,0.0,1686965.60799969
"25/05/2015",64.7,85254.92029597,0.0,2082681.00799975
"26/05/2015",64.7,98869.14808227,0.0,2122033.98999974
"27/05/2015",61.35,119503.65101607,0.0,2106880.42199978
"28/05/2015",60.12,103085.51529623,0.0,2120456.70599975
"29/05/2015",64.52,77311.10967814,0.0,2120842.61799971
"30/05/2015",61.65,75265.63432258,0.0,1859059.75799975
"31/05/2015",61.35,93041.95114846,0.0,1706046.23599979
"01/06/2015",60.12,71536.61822411,0.0,2089039.71199968
"02/06/2015",63.16,86266.19129484,0.0,2112750.69399977
"03/06/2015",62.78,106092.43492715,0.0,2053679.54599973
"04/06/2015",60.34,79576.80946582,0.0,1754110.58399979
"05/06/2015",62.87,92028.48694794,0.0,1823545.72999974
"06/06/2015",63.14,124264.0999321,0.0,1641093.93999977
"07/06/2015",62.78,90201.28091672,0.0,1528858.77799969
"08/06/2015",60.34,70779.87886792,0.0,2037613.3839997
"09/06/2015",60.36,76361.80725046,0.0,2060656.40999963
"10/06/2015",64.68,98668.73656433,0.0,2051173.85999968
"11/06/2015",63.76,124444.37819975,0.0,2051046.59199966
"12/06/2015",61.33,94349.51285347,0.0,2029871.62599972
"13/06/2015",63.23,98637.54863368,0.0,1727969.82999969
"14/06/2015",64.68,87329.95600284,0.0,1549699.61999972
"15/06/2015",63.76,107429.89339216,0.0,1987679.10399973
"16/06/2015",63.19,116873.12005827,0.0,2001527.94799972
"17/06/2015",60.75,103276.79700327,0.0,2050380.1939998
"18/06/2015",61.37,104245.84774861,0.0,2081359.90599972
"19/06/2015",60.99,94536.97395129,0.0,1996100.56799975
"20/06/2015",60.75,134399.93284839,0.0,1661275.46799976
"21/06/2015",60.75,102031.60917344,0.0,1505742.98199961
"22/06/2015",61.37,108546.87944814,0.0,1848367.09399968
"23/06/2015",59.41,70268.45551297,0.0,1940203.6839997
"24/06/2015",61.63,86800.8479222,0.0,1885220.56599975
"25/06/2015",60.24,135560.69388135,0.0,1861097.01599977
"26/06/2015",60.54,129115.73623261,0.0,1831809.94399965
"27/06/2015",61.67,99265.60647223,0.0,1616730.44399965
"28/06/2015",61.63,103012.24492946,0.0,1517408.52599988
"29/06/2015",60.24,92642.85231953001,0.0,1863387.77399971
"30/06/2015",60.14,101275.01379436,0.0,1877117.80599977
"01/07/2015",61.65,107310.17108381,0.0,1921723.43199976
"02/07/2015",61.73,106580.32797752,0.0,1928452.34399977
"03/07/2015",59.03,88371.23947953,0.0,1974267.86799973
"04/07/2015",60.31,84167.94575796,0.0,1675926.54399973
"05/07/2015",61.65,97632.90341058,0.0,1469818.1139997
"06/07/2015",61.73,139767.92070235,0.0,1794455.57999973
"07/07/2015",59.06,92504.45104574,0.0,1953065.82999969
"08/07/2015",55.7,78891.71196401,0.0,2010005.05599968
"09/07/2015",57.83,98561.34449095,0.0,1911226.05399975
"10/07/2015",57.19,111136.25633432,0.0,1918719.02799965
"11/07/2015",54.72,113232.02965035,0.0,1908389.16999971
"12/07/2015",55.7,120638.90006175,0.0,1687678.11799976
"13/07/2015",57.83,137238.08178009,0.0,2002100.51399983
"14/07/2015",57.72,131821.94534695,0.0,2039315.78599978
"15/07/2015",57.34,112772.33336629,0.0,2062976.92399975
"16/07/2015",57.31,121119.36689125,0.0,2031097.64599975
"17/07/2015",57.63,115485.48712801,0.008,2014049.8139998
"18/07/2015",57.2,129363.47088685,0.01,1973550.30999972
"19/07/2015",57.34,136356.36928299,0.066,1695031.85999978
"20/07/2015",57.31,143392.81573392,0.06199999,2025942.95199983
"21/07/2015",56.38,97259.48281228,0.23800000000000002,2099379.56799981
"22/07/2015",56.36,87179.87758632,0.808,2090934.5919998
"23/07/2015",55.76,126345.71600908,0.0,2033150.97599964
"24/07/2015",56.42,114840.78936307,0.058,2061533.17199967
"25/07/2015",55.94,123526.99574781,0.0,1945526.23799973
"26/07/2015",56.36,91332.4697429,0.0,1724613.83599971
"27/07/2015",55.76,96693.03670987001,0.302,1998226.16599969
"28/07/2015",54.29,105016.77877595,0.38,2057950.18599965
"29/07/2015",54.73,119396.8163601,11.23199999,2048045.30799967
"30/07/2015",54.29,142685.7187669,17.59399999,2037669.69199967
"31/07/2015",54.07,136861.45727764,14.372,1997021.41399977
"01/08/2015",54.3,130056.78448546,19.64599998,1938936.01599967
"02/08/2015",54.73,142599.27689231,27.212,1738904.98199966
"03/08/2015",54.29,146684.49857559,34.82199996,1957445.89999974
"04/08/2015",53.29,141767.05756251,26.40999998,2017555.89599965
"05/08/2015",49.04,142347.24472461,32.376,2073746.85399973
"06/08/2015",47.8,150910.99508422,30.654,2025109.7439997
"07/08/2015",49.49,149629.48795394,46.56799998,2039468.08599969
"08/08/2015",49.08,148296.4591049,51.74799997,1980245.9779997
"09/08/2015",49.04,188867.1442719,68.89399999,1694485.24799974
"10/08/2015",47.8,187248.30370388,44.83999999,1989867.88199975
"11/08/2015",47.54,152422.09460605,59.08599999,2021747.30399973
"12/08/2015",48.29,155447.06595766,71.61599999,2044413.22999974
"13/08/2015",48.01,150411.7465537,82.03999997,2048702.2079998099
"14/08/2015",48.3,122720.92063220999,5.224,2034112.37399975
"15/08/2015",47.33,149442.24634986,0.588,1894439.53399978
"16/08/2015",48.29,157468.51383931,16.96399999,1715776.46599972
"17/08/2015",48.01,178004.39179893,100.38799999,2010842.73599969
"18/08/2015",47.79,161077.06826002,118.59599999,2042237.63399977
"19/08/2015",45.75,163866.99904725,84.396,2057781.58399978
"20/08/2015",45.63,106287.27003471,91.76799998,2065082.91599965
"21/08/2015",47.77,132940.83468924,114.70399999,2028731.83399977
"22/08/2015",47.0,151231.6149927,112.01599998,1763022.6839997899
"23/08/2015",45.75,175636.18844637,91.46599999,1576315.09999967
"24/08/2015",45.63,130222.10095677999,114.00999997,1996520.02999971
"25/08/2015",43.84,153584.13651392,111.47599999,2013250.8659997
"26/08/2015",47.76,135508.35055079,111.67199999,2081643.55799978
"27/08/2015",44.46,148391.31720873,115.94399996,2057762.38199977
"28/08/2015",41.59,156909.0258862,119.19199999,2027676.5799997
"29/08/2015",41.86,158310.11757505,115.46399998,1720040.0279997
"30/08/2015",47.76,147495.85450583,79.746,1522395.11999973
"31/08/2015",44.46,160747.11758481,107.724,2005072.61999969
"01/09/2015",47.97,132137.47405704,78.764,2135369.69399968
"02/09/2015",47.67,117667.36165189,121.06799998,2089465.52199974
"03/09/2015",50.41,115523.65543302,92.30599997,2091082.24799975
"04/09/2015",48.59,90199.64878204,92.55599998,2128124.82199969
"05/09/2015",48.8,93758.18409242,62.224,1824505.27399964
"06/09/2015",47.67,119481.74782168,114.014,1493193.18199971
"07/09/2015",50.41,127536.41781498,104.952,1531512.93799974
"08/09/2015",48.59,112962.41488021999,102.124,1972673.91799982
"09/09/2015",48.04,105698.64230383,87.01599999,2079166.22599962
"10/09/2015",47.77,146321.32448065,83.236,2078726.41199982
"11/09/2015",46.42,140916.43842499,111.09,2129730.27199974
"12/09/2015",48.88,125585.07737904,116.45799999,1834509.00199968
"13/09/2015",48.04,126238.55031151,84.57999999,1521585.4459997
"14/09/2015",47.77,142356.95333093,71.07599998,1916189.61599962
"15/09/2015",46.87,163821.78996815,67.90999999,2003494.50999971
"16/09/2015",49.35,149263.53539688,74.14999999,2132812.0159998
"17/09/2015",48.27,134604.06614029,74.56599996,2236314.87999975
"18/09/2015",45.87,138048.20554178,64.01599999999999,2228967.20399976
"19/09/2015",45.91,137115.09023766,112.84799998999999,1963086.35199968
"20/09/2015",49.35,141320.8295839,115.75999998,1621300.70399966
"21/09/2015",48.27,174411.9490015,124.49399998999999,2106853.22599972
"22/09/2015",47.28,167989.92646434,66.66599999,2253837.08799976
"23/09/2015",48.0,147087.68747927,110.89399999,2315293.82599969
"24/09/2015",47.06,147330.85678445,95.62199998,2353265.50399973
"25/09/2015",47.64,127902.89301476,104.66999999,2356273.96799983
"26/09/2015",46.69,134827.89331091,116.67999999,2028956.05599976
"27/09/2015",48.0,150024.28671473,124.33599998,1717047.88199977
"28/09/2015",47.06,119954.18097875,120.74999998999999,2167909.61399967
"29/09/2015",47.28,132392.08807563,122.756,2178095.22799972
"30/09/2015",47.29,133319.99431821,111.71399998999999,2183862.21599974
"01/10/2015",47.48,149743.87726134,108.03599998,2205443.09199981
"02/10/2015",46.04,162502.5881669,114.642,2222033.92799979
"03/10/2015",47.58,146805.63906975,118.18999998,1932842.70199977
"04/10/2015",47.29,114150.34603615,127.83799999,1724362.37199969
"05/10/2015",47.48,86876.90758252,114.11,2194800.10199977
"06/10/2015",46.55,110223.90807202,67.52199999,2264937.18599976
"07/10/2015",51.66,128103.52372473,106.97999999,2282671.6339997
"08/10/2015",52.13,170081.343578,56.53999999,2311673.23599972
"09/10/2015",49.45,163565.51877511,94.67799998,2304290.4419997
"10/10/2015",51.34,179945.94756139,130.82199999,1968549.19799977
"11/10/2015",51.66,173193.10890667,129.69399998,1733071.36999972
"12/10/2015",52.13,166259.51676059,110.78399998,1696487.86199964
"13/10/2015",52.08,136187.59996589,101.86199998000001,2246794.2199996
"14/10/2015",48.25,179569.78526368,91.34999999,2328806.08399969
"15/10/2015",47.87,164111.23660582,84.93799999,2413720.59399971
"16/10/2015",50.95,157515.88333991,106.48399999,2436731.76199973
"17/10/2015",48.94,133124.91263725,126.30999997,2146530.39799974
"18/10/2015",48.25,120467.37557142,126.414,1710811.40799967
"19/10/2015",47.87,175002.32937062,113.74799999,2189126.3579997797
"20/10/2015",48.96,170992.41087007,124.72599998,2332946.14999964
"21/10/2015",46.72,128467.76743919001,131.92599999,2459443.77999966
"22/10/2015",46.59,126308.29186094001,120.07399998,2395808.30399973
"23/10/2015",47.51,128985.57436636,121.67599996,2294755.4339998
"24/10/2015",46.93,124411.69874276,127.23199998999999,2011910.63199975
"25/10/2015",46.72,154892.42186818,129.01799999,1679578.90799968
"26/10/2015",46.59,170669.28784077,127.70599998,2171041.43799972
"27/10/2015",46.3,162835.21379368,129.26599999,2277666.11599968
"28/10/2015",47.6,158939.47925867,128.34599999,2219983.21199975
"29/10/2015",48.04,144763.08034607,126.034,2219149.31199974
"30/10/2015",46.57,122247.04502572,111.63,2196864.50399976
"31/10/2015",45.54,131132.72420362,58.345999989999996,1954023.03599978
"01/11/2015",47.6,147057.48181937,93.57999999,1740202.48399975
"02/11/2015",48.04,203561.44189655,118.57399997,1699850.12999981
"03/11/2015",48.0,164858.61459918,79.44999999,2183803.86599969
"04/11/2015",46.96,154002.60917788,118.65599997,2260762.4379997
"05/11/2015",47.19,129022.56955248,100.77799999,2266061.02199974
"06/11/2015",47.91,109465.71823517,106.57199998,2269702.77399971
"07/11/2015",48.0,140979.29879985,92.33799999,1929304.77999973
"08/11/2015",46.96,170973.10066871,82.78199998,1671021.71999967
"09/11/2015",47.19,139615.8567116,96.16799999,2238213.42599976
"10/11/2015",46.09,154075.86589061999,88.214,2329907.6719997
"11/11/2015",44.98,170045.89308736,120.952,2312529.27399981
"12/11/2015",44.98,140801.43616567,121.72999998,2354714.7259998
"13/11/2015",45.38,133572.80286484,120.52399999,2373507.36999977
"14/11/2015",46.44,123485.5529326,120.43799998,2086379.69399973
"15/11/2015",44.98,73967.21302165,113.268,1894824.92799979
"16/11/2015",44.98,130102.18234107,117.01399999,2262637.1519997
"17/11/2015",41.98,128989.76622757,120.04799996999999,2241663.66399965
"18/11/2015",41.45,84098.49953289,118.77999998,2361522.59999972
"19/11/2015",42.22,92516.29860901,103.096,2385166.09199983
"20/11/2015",40.28,137179.70615789,114.274,2146482.37999973
"21/11/2015",41.28,89526.5329066,120.468,1984134.95799977
"22/11/2015",41.45,107562.68063613,122.508,1749291.71199971
"23/11/2015",42.22,100739.66114363,119.82999998,2183424.95199969
"24/11/2015",42.49,115646.40686416,109.59399996,2210246.48399974
"25/11/2015",43.56,119770.45976874,80.10999998,2247918.52999971
"26/11/2015",43.55,112443.54134137,104.16399996,2266710.6439998
"27/11/2015",43.7,113867.35224367,108.55599999,2232636.07999976
"28/11/2015",44.38,123106.37434935,110.08399997,2008138.89599978
"29/11/2015",43.56,109535.17393611,122.82199998,1758855.35199969
"30/11/2015",43.55,123501.77843317,121.802,2125585.04599969
"01/12/2015",43.07,153798.51123134,113.77799998,2146831.93199974
"02/12/2015",41.92,136590.78574313,117.43599997,2244797.60599967
"03/12/2015",42.0,137450.38634449,106.928,2246583.67199979
"04/12/2015",43.73,89310.36883395001,112.874,2239836.58399971
"05/12/2015",42.97,82979.99238763,87.884,2052844.10199966
"06/12/2015",41.92,78597.42281672,98.304,1792408.37399981
"07/12/2015",42.0,88085.32464426,116.69,2197774.51399969
"08/12/2015",41.44,141006.94827199,118.58199999,2223294.38399964
"09/12/2015",39.04,153684.60364542,104.14600017000001,2311793.76576042
"10/12/2015",38.65,140780.59806679,104.20999997999999,2309328.97399967
"11/12/2015",39.69,132778.10599462,112.49999999,2368405.7359998
"12/12/2015",39.44,131710.4734314,116.08799997,2115733.48599975
"13/12/2015",39.04,134054.50845082,112.648,1910870.60599967
"14/12/2015",38.65,153820.14256004,91.14999999,2352041.53599966
"15/12/2015",36.99,154041.78038185,107.51399998,2401507.22999968
"16/12/2015",36.96,136721.77828703,115.19599997,2387751.14399963
"17/12/2015",36.29,142779.80510767,69.13,2374748.50799973
"18/12/2015",36.51,127025.88613921001,83.49399999,2384650.7859997
"19/12/2015",37.66,138944.29277132,73.04599997999999,2113172.31399959
"20/12/2015",36.96,143404.37231065,87.57799998,1906157.22199969
"21/12/2015",36.29,176894.33017132,69.16399994,2143812.82195864
"22/12/2015",36.76,163800.57283168,71.78199999,2203909.51599968
"23/12/2015",35.79,156280.40491692,103.57000000000001,2220507.60799975
"24/12/2015",37.22,133301.67418842,87.02999999,2076818.8059996201
"25/12/2015",35.34,114256.55061454,69.54199997,1839638.97399976
"26/12/2015",35.26,127559.21779406,120.29199999,1975629.01799963
"27/12/2015",35.79,116774.56409083,83.44199999,1933698.2299997201
"28/12/2015",37.22,91132.52751149,94.6720009,2192780.28064802
"29/12/2015",36.85,129320.16437874999,42.76999977,2173568.12547617
"30/12/2015",35.65,139472.40008488,86.52399998,2185237.33399965
"31/12/2015",36.61,156290.48358833,92.07200004,2054904.3657623
"01/01/2016",37.08,95908.10521363,126.56400047,1845206.56645612
"02/01/2016",36.85,95653.39234621,86.44800000000001,1949413.73076199
"03/01/2016",35.65,106854.27503781,98.58199999,1905598.73159878
"04/01/2016",36.61,105406.29933331,86.106,2218347.37964776
"05/01/2016",35.56,83347.04834752,50.14399997,2274779.13725734
"06/01/2016",33.89,68374.08983785,53.236,2344240.35692955
"07/01/2016",33.57,54794.94671671,62.17599999,2406793.9684344
"08/01/2016",36.28,46443.91745625,68.56999997,2459246.92488503
"09/01/2016",35.56,68353.930368,83.15999999,2181168.06128944
"10/01/2016",33.89,120786.1569523,88.10199998,1966918.77751524
"11/01/2016",33.57,108045.70032811,85.88799998,2405610.44963626
"12/01/2016",31.67,84846.76537263,106.54799999,2479146.81489438
"13/01/2016",28.58,78367.16823246,67.53799998,2486587.73199968
"14/01/2016",28.84,50250.34399986,66.46599996,2459250.64946481
"15/01/2016",30.14,45500.42799993,113.11799999,2418925.0904680598
"16/01/2016",29.14,42391.20599987,64.312,2254482.01776824
"17/01/2016",28.58,39191.10199987,75.86199999,1992339.93716998
"18/01/2016",28.84,43535.04999998,71.59999998,2347129.39423111
"19/01/2016",28.8,41043.20599994,76.74599999,2383595.86299768
"20/01/2016",26.01,50188.19599987,42.83799998,2358470.10423115
"21/01/2016",27.59,71058.5720715,70.39999998,2356415.91719577
"22/01/2016",27.36,75093.8679999,46.225999959999996,2368645.35662608
"23/01/2016",27.36,66142.65999988,65.17799999,2195572.25409826
"24/01/2016",26.01,82612.1939999,85.694,2017285.9781003
"25/01/2016",27.59,100289.04799985,120.06599999,2432442.8740854
"26/01/2016",30.46,93925.31599988,112.02999998,2476479.91154042
"27/01/2016",31.83,96395.95999987,80.33399998,2466525.2898922
"28/01/2016",33.01,122380.80799988,122.35799999,2412464.36535299
"29/01/2016",29.82,146163.29999993,75.30199998,2489767.28651277
"30/01/2016",30.94,140062.65399983,92.044,2357863.81801858
"31/01/2016",31.83,119592.89399989,93.89999997,2127142.95850125
"01/02/2016",33.01,94723.71799993,87.104,2523561.82695577
"02/02/2016",33.14,97301.76399992,91.09999997999999,2566141.4347434198
"03/02/2016",32.38,109920.38999992,106.98999997,2576536.3667992
"04/02/2016",32.76,120482.55199992,112.12799998,2563301.2737164
"05/02/2016",32.45,127056.02799991,111.78599999,2563994.89181516
"06/02/2016",30.98,125650.1059999,96.22599998,2382154.51015013
"07/02/2016",32.38,159822.6939999,85.94799999,2043218.22290757
"08/02/2016",32.76,124068.27599986,138.20399998,2308792.78625884
"09/02/2016",32.35,124433.50599987,116.502,2333172.75578257
"10/02/2016",29.64,114195.06599988,118.67399999,2629555.52704964
"11/02/2016",28.82,92908.44199994,123.06799999,2660710.9665776
"12/02/2016",31.64,74638.46199993,130.36799998,2579259.94786814
"13/02/2016",30.15,66450.3539999,105.556,2437280.78035019
"14/02/2016",29.64,80980.60199986,91.11799998,2217602.34460519
"15/02/2016",28.82,90818.4759999,101.72599999,2631759.29672506
"16/02/2016",31.8,187171.50599988,76.304,2476401.21832068
"17/02/2016",33.21,174999.44199986,91.34199998,2580689.99778699
"18/02/2016",33.2,88690.56999988,121.696,2677804.48850427
"19/02/2016",31.66,105075.25799994,72.96599999,2622346.85294887
"20/02/2016",31.09,124215.19399986,107.23799999,2434317.12320364
"21/02/2016",33.21,155778.48399992,93.50599998999999,2133445.89328895
"22/02/2016",33.2,153136.39399995,87.65999998,2545064.48633853
"23/02/2016",31.66,122616.47799989,94.19799999,2615324.87273577
"24/02/2016",33.59,114681.93799991,109.25999998,2636583.18815863
"25/02/2016",33.59,139348.32799988,100.33,2669731.19249938
"26/02/2016",31.9,135090.47199992999,117.39999997,2667709.38999976
"27/02/2016",31.5,156168.24999991,112.75199999,2515905.22399971
"28/02/2016",32.83,131738.89799988,118.92599998,2273183.01999969
"29/02/2016",35.76,131390.95799991,132.03799998,2548180.52799972
"01/03/2016",35.73,180364.60799983,124.92399997999999,2449191.91377621
"02/03/2016",36.38,169494.14599991,115.328,2495465.11219497
"03/03/2016",35.92,123038.33399988001,105.30599999,2546307.52929245
"04/03/2016",35.73,86943.56799992,116.59999999,2622478.23851756
"05/03/2016",36.38,102067.80799988999,120.96599997999999,2382031.40237716
"06/03/2016",35.75,131838.40799981,100.51599999,2111772.53461018
"07/03/2016",37.61,117673.53399991,124.60599995,2602562.01783723
"08/03/2016",39.02,120698.63399981,118.152,2642387.20765258
"09/03/2016",40.26,108435.81599993,123.16999999000001,2645057.28281893
"10/03/2016",39.02,109801.41599994,115.82399999,2621926.51861919
"11/03/2016",39.16,96735.92199988,119.30399997,2615985.35362541
"12/03/2016",40.26,87893.40799982,102.65,2385587.91191906
"13/03/2016",38.63,120658.92999985,109.30599999,2071919.14123032
"14/03/2016",39.41,146117.67799989,77.88199998,2498930.33003567
"15/03/2016",37.49,130483.22999987,118.00399996,2597441.77281318
"16/03/2016",38.38,140210.63399982,102.99999998,2597681.28372477
"17/03/2016",38.06,124837.22599987,97.54399998,2672128.37614611
"18/03/2016",37.49,125079.1119999,104.79199999,2687019.48158978
"19/03/2016",38.38,141282.65999987,116.32199999,2442852.45814279
"20/03/2016",39.29,124445.67999988,102.26799998999999,2155900.25331146
"21/03/2016",39.26,99659.45599984,97.09399997999999,2662420.27083886
"22/03/2016",40.54,111913.7459999,96.21,2688712.32406311
"23/03/2016",38.84,96791.73199991,103.85399997,2692769.1021804
"24/03/2016",39.91,101468.22799984,107.69599999,2563038.1154002
"25/03/2016",40.54,160750.40399993,105.07399997,2100840.1543725
"26/03/2016",38.84,166412.35599982,113.89999999,2187977.09584712
"27/03/2016",38.33,156490.24999981,103.83199999,2033920.48104675
"28/03/2016",38.33,153003.92599987,102.55999998,2553430.21717052
"29/03/2016",36.75,97472.8239999,105.97599996,2683757.88735855
"30/03/2016",36.75,69355.44199992,86.68999998,2700863.2783706
"31/03/2016",38.33,130524.99599986,99.406,2615629.34860365
"01/04/2016",36.75,127458.75811966001,92.3999996,2597599.91937537
"02/04/2016",36.75,101686.29795606,99.78199998,2387107.43303654
"03/04/2016",36.75,93091.40171387,107.04400007,2183113.23968396
"04/04/2016",36.42,100721.32429223,106.3399996,2609789.02347017
"05/04/2016",35.88,100552.02999916,0.0,2597566.20185317
"06/04/2016",37.77,93452.53581442,0.0,2624038.78450753
"07/04/2016",36.05,78856.62779678,0.0,2665705.40954262
"08/04/2016",35.88,62534.77202422,0.0,2636295.21302705
"09/04/2016",37.77,77740.26592286999,0.0,2384972.19001719
"10/04/2016",37.15,104746.42619557,0.0,2085887.70227117
"11/04/2016",40.71,114962.69343533,0.0,2480833.57115585
"12/04/2016",43.02,145457.2761223,0.0,2475742.18879649
"13/04/2016",42.81,130385.68762772,0.0,2518431.37105823
"14/04/2016",41.58,118718.36554068,0.0,2589948.91569938
"15/04/2016",43.02,157623.76742259,0.00999999,2562043.24718169
"16/04/2016",42.81,161415.60743603,107.98399949,2285022.92358978
"17/04/2016",43.02,168287.67898082,81.6479996,2037444.53897306
"18/04/2016",41.32,199537.05825086,63.58800022,2519625.23738715
"19/04/2016",43.02,202938.89371606,91.1799997,2569957.16638092
"20/04/2016",43.09,189661.80959418,91.92199964,2596652.01928237
"21/04/2016",41.64,172930.45771377,93.40000018,2180339.90786034
"22/04/2016",43.02,143986.64593677,92.26599975,2326839.02549271
"23/04/2016",43.09,188912.11779189,98.67400076,2070465.84604704
"24/04/2016",43.48,175544.04669666,110.75400018,1915221.3292256
"25/04/2016",43.97,189710.38413843,77.05399967,2429978.47057223
"26/04/2016",41.67,173166.02834304,99.81399961,2496243.84158646
"27/04/2016",44.17,180312.07176638,107.36399957,2390229.62283794
"28/04/2016",42.97,189534.96402488,111.17200001,2276283.27582107
"29/04/2016",43.94,166421.08414451,96.36600012,2201630.0556977
"30/04/2016",44.17,173198.33998265,105.16600104,1955343.57577382
"01/05/2016",45.6,92359.78999983,105.402,1706689.68199971
"02/05/2016",45.64,126533.70599987,66.87599996,2188850.24199964
"03/05/2016",43.09,148088.29199988,63.70599999,2284150.95999969
"04/05/2016",43.08,134579.24399988,86.70799998,2337035.15599972
"05/05/2016",45.82,116983.15199989,106.00399999,2395846.17399972
"06/05/2016",43.09,150119.61599989,81.024,2337497.82799973
"07/05/2016",43.08,176455.62599991,112.60599999,2124481.09799982
"08/05/2016",44.39,171814.25199991,91.20999998,1803589.09999976
"09/05/2016",44.6,145106.68999988,84.43399998,2341055.81399978
"10/05/2016",44.01,136821.80599991,50.86199999,2452522.08799977
"11/05/2016",46.08,92970.18999987999,76.77999998,2488834.79799976
"12/05/2016",42.43,104079.14999991,101.91399996,2475952.45599977
"13/05/2016",44.01,94349.76399987,99.656,2406213.31399977
"14/05/2016",46.08,150908.88599290999,108.39199987,2032957.17464612
"15/05/2016",46.43,188120.71999987,59.53199997,1777829.89999975
"16/05/2016",47.05,188351.62199986,43.72799999,2270978.53599969
"17/05/2016",48.71,139422.30199986,77.65399997,2392306.44999966
"18/05/2016",48.93,146367.1559999,95.88399998999999,2367553.41199954
"19/05/2016",48.49,186488.92799986,90.654,2373475.61199968
"20/05/2016",48.71,187397.03199988,60.35599997,2375711.5779997
"21/05/2016",48.93,150212.05199988,65.27599998,2127635.27999972
"22/05/2016",47.01,154543.64199986,47.602,1883161.17999974
"23/05/2016",48.54,111668.79199982999,61.05199999,2341545.40199968
"24/05/2016",48.42,96123.25999988,77.20999998,2353850.53799971
"25/05/2016",48.87,191326.69399986,32.456,2252362.49799966
"26/05/2016",47.77,164794.33199994,51.875999979999996,2022098.81199962
"27/05/2016",48.42,132203.23599991,72.28399999,2194493.9939997
"28/05/2016",48.87,182487.44399989,72.74,2023741.34399974
"29/05/2016",49.52,171078.13999989,60.64199998,1829801.65599973
"30/05/2016",49.09,115172.22999995,47.34599999,2369422.04199969
"31/05/2016",48.81,143722.73799988,56.87799999,2391418.5799997
"01/06/2016",49.05,161663.45999988,89.95599999,2412335.63999973
"02/06/2016",49.26,134319.23399983,88.566,2444867.3579997
"03/06/2016",48.81,103029.89199994,95.748,2383943.51199972
"04/06/2016",49.05,111888.50999992,101.54599999,2134027.83599971
"05/06/2016",48.5,135029.06839309,78.5199999,1882014.9286929201
"06/06/2016",48.94,89063.60799987,89.882,2334380.5079997
"07/06/2016",50.37,123389.14599988,96.04799999,2303512.77199971
"08/06/2016",51.23,138995.90399991,89.82,2248213.75199971
"09/06/2016",49.71,121904.53399988,81.222,2255568.5999997
"10/06/2016",50.37,149838.65199985,87.234,2157784.42599968
"11/06/2016",51.23,129885.18799987,81.69199999,1998477.12199972
"12/06/2016",50.52,152799.36799987,97.41199998,1733394.5519997801
"13/06/2016",49.09,173403.53599991,91.55399999,2095573.17399974
"14/06/2016",47.88,187115.20792832,60.32999962,2216043.95012069
"15/06/2016",47.47,173756.3519999,49.748,2238207.39799964
"16/06/2016",49.36,174101.06799988,28.525999990000003,2247719.09399971
"17/06/2016",47.88,160385.11999983,41.54799998,2230703.1199997
"18/06/2016",47.47,159972.6959999,91.52999999,2023847.82399972
"19/06/2016",45.66,188716.20599989,62.10599999,1743731.1859997
"20/06/2016",46.57,198456.26399992,60.65999999,2185620.03599967
"21/06/2016",48.18,196514.69999987,98.72199997999999,2264186.90799968
"22/06/2016",48.43,216863.88999991,48.588,2266911.02999975
"23/06/2016",48.68,164613.0319999,72.66799999,2290155.05799967
"24/06/2016",48.18,200167.95799988,81.57199998,2168706.27999974
"25/06/2016",48.43,234624.68399992,55.442,1928800.82799971
"26/06/2016",48.63,218385.35999989999,60.339999999999996,1677874.13999965
"27/06/2016",46.69,205991.29799992,28.79199998,2108273.9259997
"28/06/2016",46.29,206368.69799987,49.81599999,2187224.24799975
"29/06/2016",48.4,213691.93199985,78.46999996,2195967.83599969
"30/06/2016",45.07,236381.75799991,64.89799998,2190919.76799965
"01/07/2016",46.29,213979.96399983,58.73199998,2191386.71599979
"02/07/2016",48.4,212947.14199985,51.92599999,1973850.69399981
"03/07/2016",48.05,225859.24999993,64.96199999,1718259.92799978
"04/07/2016",47.65,212073.8119999,69.29199999,2178433.8099997
"05/07/2016",45.64,203184.84399988002,57.45599998,2285695.46199981
"06/07/2016",45.7,197297.60599988,96.06199999,2283246.53999974
"07/07/2016",48.02,176870.72199989,104.98599999,2277450.24199983
"08/07/2016",45.64,137993.55799987,107.27199998,2275296.64399976
"09/07/2016",45.7,209840.01599981,80.59999997999999,1952918.48799977
"10/07/2016",45.93,192578.19999992,76.234,1732619.9599997299
"11/07/2016",44.53,215688.64599985,27.40599998,2223925.79399967
"12/07/2016",46.72,201075.85599987,86.37799998,2312098.56399975
"13/07/2016",44.67,166075.14999992,95.63799997,2313692.35999978
"14/07/2016",44.04,211969.07799988,87.404,2256769.56199973
"15/07/2016",46.72,196775.85799992,89.94999999000001,2269610.0939997
"16/07/2016",44.67,176074.85999987,113.08999999,2049707.44799965
"17/07/2016",46.01,136731.88399989,113.65599999,1773823.19199972
"18/07/2016",46.25,118990.04999984,108.57199997000001,2213528.21199966
"19/07/2016",45.7,189373.20999985,105.034,2246862.45999967
"20/07/2016",45.82,202967.46999987,94.41999999,2242857.26599971
"21/07/2016",45.35,168575.9619999,82.264,2287453.50199976
"22/07/2016",45.7,188974.72599987,76.63999998,2239315.26999975
"23/07/2016",45.82,196213.89999986,74.74599999,2006918.7399996999
"24/07/2016",44.99,192110.77599989,66.69199998,1751101.24999976
"25/07/2016",44.24,247921.11199986,101.664,2132901.02399971
"26/07/2016",43.56,247549.58799988,85.70599996,2222819.11399973
"27/07/2016",42.78,221864.78399981,77.48799998,2273936.5459997
"28/07/2016",43.76,210642.36399985,54.916,2253240.52999975
"29/07/2016",43.56,237559.85799984,72.00999997,2218802.20599977
"30/07/2016",42.78,241740.61399989,52.848,1987903.1199997
"31/07/2016",41.87,244513.25199986,68.89999997,1684754.76799972
"01/08/2016",40.76,251685.31199989,78.42599999,2086276.1599998
"02/08/2016",40.0,186647.32799988,71.04,2225471.44399973
"03/08/2016",40.45,224986.94199987,65.48399999,2180864.39399974
"04/08/2016",40.17,229808.84199989,86.512,2130894.11799971
"05/08/2016",40.0,221669.22599991,107.41199999,2089006.87599959
"06/08/2016",40.45,207647.27799989,87.56999998,1935150.21799964
"07/08/2016",41.33,180121.82599989,119.13599995,1710287.65799967
"08/08/2016",42.47,163224.09199987,122.21199998,2170436.78999978
"09/08/2016",43.37,178739.2079999,102.17399997,2229944.8539997
"10/08/2016",42.19,170023.0059999,116.10199996,2235523.87999975
"11/08/2016",43.24,173772.7779999,116.42799999,2191971.64599959
"12/08/2016",43.37,203636.64799990001,121.306,2121872.88399963
"13/08/2016",42.19,213691.38799989,110.69599996,1885829.41999961
"14/08/2016",44.23,183799.88399988,93.15199996,1705256.69599971
"15/08/2016",45.12,178150.3479999,116.49799999,2136235.27399971
"16/08/2016",48.27,160117.10799982,114.038,2263087.62199974
"17/08/2016",48.58,206003.78199991,115.02599997,2267136.32999976
"18/08/2016",47.31,185285.43599987,119.35199998,2286874.65599973
"19/08/2016",48.27,219124.03599993,76.602,2247393.12799971
"20/08/2016",48.58,206363.26999987,78.70799999,2035870.21799965
"21/08/2016",49.46,172594.36999988,114.74999998,1797266.67199974
"22/08/2016",49.39,154218.70999988,119.56399998,2123354.89999977
"23/08/2016",48.7,202532.68999987,84.494,2193357.48199969
"24/08/2016",47.56,246044.94799985,77.16199998,2150698.05999976
"25/08/2016",48.1,212162.79599986,70.78199997,2211387.29799971
"26/08/2016",48.7,225414.8559999,58.887999969999996,2225018.6339997
"27/08/2016",47.56,255580.73599986,54.52999997,1946946.6499995901
"28/08/2016",49.25,246980.42999988,78.06199997,1676924.3739997
"29/08/2016",49.66,232847.47999992,103.316,2196936.19799967
"30/08/2016",47.94,226235.35999988,106.38799998,2259222.6119997
"31/08/2016",47.94,209496.13799987,50.28399998,2243460.40999976
"01/09/2016",49.66,232756.15821198,84.03600042,2199400.85600155
"02/09/2016",47.94,262647.30999992,89.37999998,2182320.57999973
"03/09/2016",47.94,254074.07999990002,80.44800000000001,1938768.09199963
"04/09/2016",45.05,261679.00399990001,115.82399998,1641821.27599974
"05/09/2016",45.96,265999.75799989,93.42599999,2020192.69799974
"06/09/2016",46.21,267240.1919999,101.632,2090559.48199965
"07/09/2016",47.0,279402.38399987,91.60599999,1794642.05199967
"08/09/2016",46.72,246395.63999983,106.56,2051823.87199968
"09/09/2016",46.21,232714.76999982,120.47199998,2079538.1759997
"10/09/2016",47.0,206118.75599988,101.856,1943118.50199979
"11/09/2016",49.23,214520.79199993,77.56599998,1709535.16199976
"12/09/2016",48.37,254813.56799989002,91.396,2141861.52399966
"13/09/2016",47.82,290811.39399989,118.68799998,2203083.7299997
"14/09/2016",45.65,274659.29999989,91.748,2207701.3319996498
"15/09/2016",47.82,217633.67599988,125.21399999,2209109.71799973
"16/09/2016",46.48,186253.3079999,124.34399996,2186687.88999969
"17/09/2016",45.65,221909.24399985,90.64199998,1980717.57799968
"18/09/2016",45.83,230686.39399987,119.71599999,1748455.88799964
"19/09/2016",45.26,223724.57199988,116.83799997999999,2116937.29599971
"20/09/2016",45.24,176735.03999984,117.472,2218171.75199962
"21/09/2016",45.99,173133.42799988,118.86799997,2200688.61599971
"22/09/2016",46.04,222347.53399987,97.18599999,2180754.26399973
"23/09/2016",45.24,226768.83399992,79.81199998,2197179.5279997
"24/09/2016",45.99,196068.72599985,103.848,1984765.8859997399
"25/09/2016",47.21,183233.02399996,123.40599997,1659403.75199979
"26/09/2016",46.71,129109.84599992,117.77599999,2175536.85399974
"27/09/2016",44.95,124103.49799989,109.988,2237914.09799961
"28/09/2016",45.49,195826.42799987,110.65199997,2181319.83999962
"29/09/2016",46.61,219834.12199984,115.79599999,2182752.5939997
"30/09/2016",44.95,181849.49999996,105.36399999,2217381.11999974
"01/10/2016",45.49,213848.03199989,110.17799999,1942314.60599968
"02/10/2016",48.43,284507.58599987,85.12,1531359.69799965
"03/10/2016",48.24,254602.01399985,110.168,2032784.88999969
"04/10/2016",48.81,188863.8939999,108.57799996,2144454.05999981
"05/10/2016",49.57,173079.76999987,111.07799999,2149278.75399965
"06/10/2016",48.61,113468.30399992,108.64999998,2158468.97799964
"07/10/2016",48.81,97538.56999989,104.22999999,2157410.88199972
"08/10/2016",49.57,156982.62799988,114.19200000000001,1898061.86799976
"09/10/2016",50.14,162742.96399989,122.98799999,1698783.71999967
"10/10/2016",50.49,249858.0499999,101.354,2038961.69599963
"11/10/2016",50.48,281623.12799988,76.28599999000001,2086498.5279997601
"12/10/2016",49.53,232858.00799985,78.88199999,1799226.65399968
"13/10/2016",51.54,231368.16199987,72.17,2163151.91199976
"14/10/2016",50.48,236359.50799984,74.88999998999999,2245897.15799976
"15/10/2016",49.53,283192.72799984,120.43999999,2027094.32399964
"16/10/2016",49.29,229923.1079999,100.93799996999999,1742632.52399957
"17/10/2016",48.87,233051.80199987,106.67599998,2308160.14999969
"18/10/2016",49.81,201443.3159999,118.25399998,2376482.77399973
"19/10/2016",51.85,228764.26599988,122.99799997,2386438.89199961
"20/10/2016",49.31,204083.34599991,108.714,2443203.82799965
"21/10/2016",49.81,164095.86999991,102.07599998,2369275.98799956
"22/10/2016",51.85,195285.04399991,98.64199998000001,2010124.38399969
"23/10/2016",50.42,262905.50999986,117.02599997,1727415.34799973
"24/10/2016",50.28,234269.74999992,104.54999999,2222542.03399978
"25/10/2016",49.08,257163.13199988002,113.95599999,2279227.84199976
"26/10/2016",48.98,264389.03399987,118.32999999,2317328.39199969
"27/10/2016",49.8,253826.30599994,121.54399998,2317984.00999978
"28/10/2016",49.08,205479.45399985,123.26799998,2231070.83199974
"29/10/2016",48.98,193231.9539999,126.97599998,1955020.42999973
"30/10/2016",49.13,254486.70199983,107.84199999,1567375.76199967
"31/10/2016",47.78,251242.50199985,96.74599999,2085638.89999971
"01/11/2016",45.77,262964.28199985,83.11199999,2181531.10999971
"02/11/2016",44.26,276955.45399987,95.37199998999999,1856284.55199967
"03/11/2016",46.2,248435.51999987,78.058,2185090.09199976
"04/11/2016",45.77,249532.33799987,94.67999998,2165043.36399976
"05/11/2016",44.26,270978.12599984,91.18799999,1915307.57799968
"06/11/2016",43.84,284962.17599985,99.544,1628879.4879997
"07/11/2016",43.06,239788.12599988,111.47199999,2161222.02399971
"08/11/2016",43.47,214073.6499999,114.32999998999999,2250541.80999972
"09/11/2016",43.88,225541.7179999,96.28799999,2235182.51999964
"10/11/2016",42.83,198427.70799992,107.62399999,2323348.36399967
"11/11/2016",43.47,210536.64399989,90.95199999,2310874.50199969
"12/11/2016",43.88,175528.50999987,110.01599999999999,2006930.93799972
"13/11/2016",43.67,185375.07599991,89.70399998,1645190.2559997
"14/11/2016",41.61,167006.84999988,116.16799998,2024504.10399969
"15/11/2016",44.15,163560.52799986,82.838,1889770.93599974
"16/11/2016",45.07,154145.48199992,92.47199998,2257598.44599964
"17/11/2016",41.83,177124.22399989,114.516,2261202.73399974
"18/11/2016",44.15,180528.98999987,113.67399999,2175742.86399975
"19/11/2016",45.07,122509.09399986,92.006,1939628.9619996499
"20/11/2016",44.57,168527.05599988,80.84199998,1687005.92799977
"21/11/2016",44.41,207742.61599988,110.54199998,2149502.54199978
"22/11/2016",46.1,201041.79999991,118.81799998,2303185.0939997598
"23/11/2016",46.54,167808.41399993,114.65199999000001,2408582.08399959
"24/11/2016",45.96,167395.57799989,119.92399999999999,2434931.37599976
"25/11/2016",46.1,237810.71599986,122.20599999000001,2378727.93399972
"26/11/2016",46.54,241949.24799988,117.772,2099554.93399975
"27/11/2016",47.54,189286.84999991,100.75,1959142.03799964
"28/11/2016",46.32,186099.63799984,115.95199999,2451045.59999969
"29/11/2016",44.68,183232.16999988,117.70999999,2516051.91199964
"30/11/2016",47.95,181473.21799987,112.68199998,2365168.90999968
"01/12/2016",46.64,243327.81399988,114.60600000000001,2233108.47799969
"02/12/2016",44.68,218922.18399982,100.84799998,2289396.03799969
"03/12/2016",47.95,185893.73399987,110.50399999,2247858.42999965
"04/12/2016",52.28,135835.96599988,110.21,2023313.61599971
"05/12/2016",52.35,117235.79199986,108.02399998,2431061.7919997
"06/12/2016",52.31,126380.66599982,104.872,2540639.43599965
"07/12/2016",51.9,102260.59999989001,105.75,2603361.28599962
"08/12/2016",53.3,111966.13999988,104.05,2555544.28199963
"09/12/2016",52.31,133721.74599987,87.90199999,2539869.0379998
"10/12/2016",51.9,142753.45599988,105.40599999,2312967.32599966
"11/12/2016",51.6,126715.6519999,74.73799998,2078703.8119997599
"12/12/2016",52.19,149346.39799986,89.56999997,2502525.7039997
"13/12/2016",53.28,155638.29599989,95.54199997,2571606.59799968
"14/12/2016",53.15,160230.05599994,107.93999998,2478646.29999975
"15/12/2016",53.99,171356.65399989,103.39399996,2358768.06999972
"16/12/2016",53.28,247216.18199981,57.90399999,2266911.21999968
"17/12/2016",53.15,249546.45599991,49.918,2102441.99799968
"18/12/2016",51.72,204513.10999989,75.54199998,1981153.80399973
"19/12/2016",54.15,171191.20999993,54.51799998,2369334.97399971
"20/12/2016",54.56,193928.98999994,67.596,2410040.66799973
"21/12/2016",53.01,202641.95799991,82.376,2467205.09199966
"22/12/2016",53.53,204200.32399987,60.35399996,2490023.45599975
"23/12/2016",54.56,234463.00599985,88.44999996,2437809.84199971
"24/12/2016",53.01,174960.66399994,114.14599998,2188086.34799972
"25/12/2016",54.04,200767.91399988,106.66399999000001,1931096.34199968
"26/12/2016",53.93,188118.98199986,96.39199999,2406471.7299997
"27/12/2016",53.93,225860.74399984,113.67599999,2502431.71399969
"28/12/2016",53.93,193388.8879999,88.36,2534962.94399963
"29/12/2016",54.95,202205.40599984,0.12,2503481.84999974
"30/12/2016",53.93,229052.47338895,91.45599994,2359922.29343718
"31/12/2016",53.93,212658.32539907,115.39399946,2079507.13149964
"01/01/2017",54.95,193372.85399989,82.36199998000001,1907151.29399974
"02/01/2017",54.96,172052.39999984,113.85199998,2401364.95999966
"03/01/2017",55.05,174888.06999985,114.88199998,2591028.05399969
"04/01/2017",54.57,179574.43199988,109.858,2557469.68999969
"05/01/2017",54.99,206982.57999988,105.982,2592796.25199967
"06/01/2017",55.05,207782.31199995,95.548,2601731.66799966
"07/01/2017",54.57,200488.49799989,98.64199999,2446428.7059998
"08/01/2017",54.99,169921.7639999,101.54599998,2236205.34399978
"09/01/2017",55.9,140193.4299999,103.926,2760704.78199977
"10/01/2017",53.2,150621.38599989,97.554,2775772.41999971
"11/01/2017",53.61,108271.98599989,103.778,2768892.27199969
"12/01/2017",54.39,131698.83399988,105.86599998,2731722.53199971
"13/01/2017",53.2,183882.90799989,107.492,2625218.31999969
"14/01/2017",53.61,121051.52399987,100.52799998,2445455.9219997
"15/01/2017",54.51,133321.75199989,102.54599999,2203710.52199977
"16/01/2017",54.37,198038.64999985,97.27199999,2627125.55199971
"17/01/2017",54.68,148744.27199983,98.81,2700531.06599975
"18/01/2017",53.77,149426.64199987,82.27799998,2733256.99599966
"19/01/2017",54.3,161170.44599988,103.63999998999999,2698086.3199997
"20/01/2017",54.68,140457.84399994,110.156,2650027.82999968
"21/01/2017",53.77,179897.69799992,102.59799999,2355238.22599966
"22/01/2017",53.18,150727.67999989,112.38799998,2093546.46999968
"23/01/2017",55.04,160872.77199983998,93.994,2636095.43599973
"24/01/2017",54.7,173326.31999992,88.78399998,2828384.87799977
"25/01/2017",54.34,180056.71399989,103.37199999,2747406.32799978
"26/01/2017",54.8,155986.53199996,99.70399999,2771066.95599973
"27/01/2017",54.7,171253.38199989,119.36999997,2737936.06599977
"28/01/2017",54.34,184457.79599984,68.70999999,2470836.34199963
"29/01/2017",55.89,215615.71599989999,100.43599997,2198587.2639997
"30/01/2017",54.8,238218.9559999,99.51,2736591.72399974
"31/01/2017",55.25,224924.36799989,114.934,2758987.99599974
"01/02/2017",55.79,176890.6599999,114.12399997,2772773.67599967
"02/02/2017",54.77,145138.73199991,107.36799999,2794386.10599968
"03/02/2017",55.25,141580.00799987,107.97999999,2789359.5979997
"04/02/2017",55.79,168642.37599986,114.73399998000001,2522992.32799969
"05/02/2017",55.94,180246.32799991,111.866,2228092.62999972
"06/02/2017",55.92,179559.9459999,114.15999999,2750849.13399964
"07/02/2017",53.79,117772.19199994,106.008,2852885.46199964
"08/02/2017",54.42,96931.56599987,110.58,2858254.3339997
"09/02/2017",55.02,145018.58199983,102.83,2751038.84199972
"10/02/2017",53.79,161004.11599987,79.84399998,2762236.09999969
"11/02/2017",54.42,118659.17799988,79.10399995,2570321.82399979
"12/02/2017",53.98,121745.1699999,90.324,2300619.66599969
"13/02/2017",55.2,157803.86999994,102.48799999,2811592.40599968
"14/02/2017",54.96,199699.0639999,68.292,2824566.99199971
"15/02/2017",54.57,212354.95399988,90.00799999,2840921.88799971
"16/02/2017",54.15,165940.49799988,66.04799999,2916159.36599969
"17/02/2017",54.96,135441.69999988,89.27199998,2903879.36599979
"18/02/2017",54.57,93903.34799991,78.58399997,2733890.92599965
"19/02/2017",54.16,125908.57799987,103.68799999,2449420.77399968
"20/02/2017",54.48,133813.03399986,93.95599997,2986486.74199961
"21/02/2017",56.34,162248.16399989,100.29799999,2945550.22199968
"22/02/2017",55.25,181231.66399985,78.57799998,2940862.49799968
"23/02/2017",56.34,153239.26999988,105.98199998,2967983.09799968
"24/02/2017",54.9,142849.18399988,94.04399999,2840255.81599965
"25/02/2017",55.82,127689.11199989,102.99599999,2432553.20199957
"26/02/2017",54.69,103237.52999984,100.39399999,2150629.45599971
"27/02/2017",54.65,130420.39199985,101.65599997,2311613.53399975
"28/02/2017",53.36,114141.1839999,96.48199999,2325498.10399969
"01/03/2017",54.65,95563.3859999,88.32799999,2646720.79199968
"02/03/2017",53.36,104697.82199988,91.18999997,2810292.54599968
"03/03/2017",55.72,137292.41399989,102.32199998,2768127.97599965
"04/03/2017",54.16,147335.79399991,110.89399999,2487373.02999973
"05/03/2017",54.12,129169.83599983,104.40199997,2280466.35199974
"06/03/2017",54.73,129146.90599987,90.89599998999999,2742594.80199967
"07/03/2017",54.61,138153.43999985,87.50199999,2806883.15799961
"08/03/2017",54.73,177163.7159999,71.28199999,2791524.61599969
"09/03/2017",54.61,172020.21599985,70.754,2819105.82799972
"10/03/2017",53.3,177824.13399987,103.29999999,2815782.65999973
"11/03/2017",50.65,107976.69799984,83.74799999,2540088.37199967
"12/03/2017",50.63,144619.49599984,91.86399997,2227330.26199974
"13/03/2017",50.1,100193.88199991,89.196,2710477.04599972
"14/03/2017",49.6,112162.9999999,85.37799998,2720033.53799976
"15/03/2017",50.1,130958.2699999,66.868,2715371.88399969
"16/03/2017",49.6,138932.55999986,82.386,2715709.44599971
"17/03/2017",50.63,115240.24999991,50.11999999,2693691.37599973
"18/03/2017",50.56,63869.15999987,0.0,2365863.59999969
"19/03/2017",50.58,108028.25399989,0.0,2045091.37999977
"20/03/2017",50.67,155531.5499999,0.0,2479746.34399967
"21/03/2017",50.14,123994.74599989,60.53799999,2586975.2939997
"22/03/2017",50.67,134938.79799989,104.61599998,2607639.7299997
"23/03/2017",50.14,130002.77999988,77.10399999,2647460.79399961
"24/03/2017",49.56,125891.48199993,80.37799997,2622830.31599967
"25/03/2017",50.17,123743.13599988,102.00999999999999,2366715.85799967
"26/03/2017",49.97,153908.7979999,99.58799997,2093841.30399964
"27/03/2017",50.12,108751.4299999,98.00799999,2582998.05199963
"28/03/2017",50.72,101559.11599993,77.32599998,2631104.71199975
"29/03/2017",50.12,102081.56399989,67.03199999,2590493.18799965
"30/03/2017",50.72,100754.21999992,57.19799998,2560384.26399974
"31/03/2017",51.36,100384.29799989,78.34599997,2525661.29799967
"01/04/2017",52.25,133745.96599989,89.73399998,2151859.74999975
"02/04/2017",52.2,118299.80199988,67.44399999,1936186.01799967
"03/04/2017",52.04,170873.03199987,82.29799998,2341336.86999966
"04/04/2017",53.08,158413.8399999,84.054,2439574.4539997
"05/04/2017",52.04,178597.25799988,64.17199998,2467317.16399966
"06/04/2017",53.08,182208.97799988,86.11199997,2488163.69799959
"07/04/2017",53.41,204019.99999993,88.44399997,2464298.04199967
"08/04/2017",53.62,248892.23399993,76.84799999,2179866.7759997
"09/04/2017",54.24,220214.76999994,79.89799998,1979196.84399972
"10/04/2017",54.79,171014.24399987,93.66999999000001,2485371.69999958
"11/04/2017",54.73,129490.84999989,64.40999997,2515028.76799974
"12/04/2017",54.79,83709.14599989,74.06399999,2505453.21199962
"13/04/2017",54.73,133549.30999986,64.864,2377206.87999971
"14/04/2017",54.75,195295.36799989,54.914,1906526.35599975
"15/04/2017",54.75,190587.51599986,67.91199998,1997133.50399972
"17/04/2017",54.79,136294.87599993,77.10799998,2371443.68199972
"18/04/2017",52.6,149806.26199992,103.58999996,2378587.91399967
"19/04/2017",54.79,210160.74199988,78.18599996,2313201.71599968
"20/04/2017",52.6,175090.32999984,68.282,2342992.93399961
"21/04/2017",52.43,119888.94399991,94.20999999,2123405.13199969
"22/04/2017",50.66,99014.77999986,110.07600000000001,2082709.61999976
"23/04/2017",49.93,76430.19399986,99.30199999,1884351.53599973
"24/04/2017",49.45,163189.76599982,81.88799998,2241154.27399969
"25/04/2017",49.37,188451.01399984,79.764,2303807.95999973
"26/04/2017",49.45,191705.03599988,80.31599998,2321454.66399971
"27/04/2017",49.37,184142.88199994,109.42399996,2350824.63999969
"28/04/2017",49.99,166478.15999985998,98.08199997,2213252.91799967
"29/04/2017",49.46,182111.57199989,39.80399999,1926967.21999976
"30/04/2017",49.46,146811.32799992,2.928,1702347.83199978
"01/05/2017",50.41,186296.67399991,70.026,1705741.88799978
"02/05/2017",49.31,198291.1679999,56.30399997,2116926.38799982
"03/05/2017",50.41,194320.20599992,44.82,2178049.23199968
"04/05/2017",49.31,172221.89199991,47.81199999,2256621.96799977
"05/05/2017",48.82,151218.28599993,69.73799997,2289881.33599977
"06/05/2017",47.53,188489.84999988,59.125999979999996,2047849.23399977
"07/05/2017",47.45,165563.96199987,99.42399996,1851838.76999972
"08/05/2017",46.61,142500.92799988,94.94999996,2248157.7999997498
"09/05/2017",47.06,141664.16199992,82.58399999,2246248.8019996798
"10/05/2017",46.61,166286.04399986,80.44999996,2245853.5519997
"11/05/2017",47.06,182229.56799992,85.002,2207175.44199982
"12/05/2017",48.09,240275.10199991,87.82999999,2135579.11199976
"13/05/2017",49.18,186147.87599991,66.66199998,2014799.20399973
"14/05/2017",49.08,159576.06199994,88.94599998,1815063.01999982
"15/05/2017",51.29,80256.1779999,71.56799999,2279789.67999963
"16/05/2017",51.21,91476.0779999,89.28999997,2297694.55999971
"17/05/2017",51.29,134177.46399986,151.83199996,2260883.47399974
"18/05/2017",51.21,203319.32199989,432.35399999,2180495.13799969
"19/05/2017",51.76,216676.35799991,513.572,2166421.90399971
"20/05/2017",51.71,215401.44599985,551.0840000000001,2096575.9839998
"21/05/2017",52.78,237093.32599976,486.234,1823800.04799978
"22/05/2017",53.35,168824.08199983,702.68199999,2299670.81599972
"23/05/2017",53.19,160129.70199982,682.91999997,2277876.47999975
"24/05/2017",53.35,148946.31799988,713.07199998,2274298.72799974
"25/05/2017",53.19,173105.56799986,770.33999998,2264022.71599973
"26/05/2017",53.29,152362.28999984,914.31599999,2291126.8259997
"27/05/2017",52.25,144089.94199985,858.92199998,2188332.53599979
"28/05/2017",50.84,165847.0939999,772.816,1901853.22599974
"29/05/2017",52.25,183865.28599993,958.068,2166379.82799971
"30/05/2017",50.65,166934.02199989,957.944,2213788.4379998
"31/05/2017",52.25,118144.38599987,935.72199998,2264885.21399985
"01/06/2017",50.65,139054.74999985,919.34399998,2251581.07999977
"02/06/2017",49.4,137443.03599987,896.50399998,2252078.60799982
"03/06/2017",50.41,195559.27399989,852.91399999,2053970.4719997
"04/06/2017",48.46,201763.22399989,222.76199999,1818716.55999974
"05/06/2017",48.25,211327.99999987,980.65599998,2318018.07599977
"06/06/2017",48.11,203918.50999989,985.04799999,2430544.10199968
"07/06/2017",48.25,247962.17199982,1640.53399999,2384394.58799973
"08/06/2017",48.11,224668.7599999,1520.23199999,2397179.87999974
"09/06/2017",47.08,222304.07799995,1899.46,2370417.00199974
"10/06/2017",46.3,207306.5279999,1893.74,2047951.27799972
"11/06/2017",46.64,209421.88199988,1594.84999999,1753215.13599977
"12/06/2017",47.18,203501.2039999,1997.7699999899999,2182978.02799972
"13/06/2017",46.95,219366.29599988,1769.51199998,2301742.71199971
"14/06/2017",47.18,207992.29999989,1708.34799999,2320868.09399969
"15/06/2017",46.95,216918.2299999,2151.57599999,2006430.34799972
"16/06/2017",45.47,199906.84399991,1903.7259999999999,2141973.67999964
"17/06/2017",45.61,248418.88999984,2038.34799998,1949801.77999972
"18/06/2017",45.7,228490.73399988,1971.35799999,1766710.26399975
"19/06/2017",45.93,215857.58399988,2010.13199998,2171264.53199979
"20/06/2017",43.98,196228.2879999,1988.906,2256591.29399972
"21/06/2017",45.93,268467.36399987,2167.01599999,2166393.53199974
"22/06/2017",43.98,264266.38399986003,1785.81799997,2139246.37399965
"23/06/2017",44.62,245300.9759998,1602.06599999,2164966.81599969
"24/06/2017",44.46,197207.54599984,2249.28199998,2009333.65599966
"25/06/2017",44.14,259578.54999988,2209.45199997,1717950.26599976
"26/06/2017",44.09,263197.85399983,1904.79199998,2052674.49999977
"27/06/2017",46.17,268653.9659999,2121.412,2071954.22199974
"28/06/2017",44.09,220787.80799989,2154.03799997,2174334.13599966
"29/06/2017",46.17,162513.32599989,1863.32599998,2234423.46399967
"30/06/2017",46.45,124674.83199986,1734.97199997,2245146.60399981
"01/07/2017",47.02,148547.75799988,2232.62,1909132.6119997401
"02/07/2017",47.08,208232.86599983,2076.232,1596965.60599977
"03/07/2017",49.13,310448.50799990003,2130.23799998,1879414.42599968
"04/07/2017",49.15,326628.57599987,2447.17599997,1890879.11799983
"05/07/2017",49.13,291723.40999985,2455.00599996,1959955.37799969
"06/07/2017",49.15,201466.89799992,2052.33199999,2096317.8359997
"07/07/2017",47.58,211764.72999987,2437.57199998,2095589.29199977
"08/07/2017",48.53,240145.54199986,2323.454,1781735.4459998
"09/07/2017",46.47,236698.95999987,1876.86599998,1555203.4299998
"10/07/2017",46.57,222853.03199989,2127.09599997,1975576.0319998
"11/07/2017",46.68,261443.49599979,2347.62799998,2020328.45999964
"12/07/2017",46.57,299243.55599987,2554.09199997,1993760.59599973
"13/07/2017",46.68,305591.84199982,2416.49599997,1993934.68799976
"14/07/2017",46.73,274508.70599984,2406.4359999900003,2018183.41799971
"15/07/2017",47.65,306253.05599985,2904.7899999700003,1708450.03399971
"16/07/2017",47.89,304352.56999988,2873.39599998,1501587.11399976
"17/07/2017",47.66,301758.99399985,2757.70999996,1917375.42199977
"18/07/2017",47.92,210809.99999984,2276.02999997,2035792.76999977
"19/07/2017",47.66,204099.62599985002,2655.95799998,2037040.07599977
"20/07/2017",47.92,180970.86799987,2739.47799996,2092670.89399974
"21/07/2017",48.34,177290.06399989,2864.584,2074767.55599967
"22/07/2017",48.54,217646.41599983,2851.88199997,1794358.86799969
"23/07/2017",47.47,250814.61799987,2887.91,1508289.82999972
"24/07/2017",47.81,288865.41999985,2661.83999996,1892273.89799976
"25/07/2017",49.19,288634.71799986,2025.964,2002212.29999973
"26/07/2017",47.81,260204.98199992,2836.29799999,2037010.46599976
"27/07/2017",49.19,223391.88399985,2765.7779999599998,2064701.27399976
"28/07/2017",50.08,272259.32999986,2502.40999998,1993945.04999979
"29/07/2017",50.67,320470.71399987,2889.92599998,1560635.27599965
"30/07/2017",52.0,285913.5159998,3004.24799997,1381142.95999976
"31/07/2017",51.99,230654.93199982,2491.24599999,1793158.7459996599
"01/08/2017",50.77,224697.02799985,3083.35,1858279.1999997
"02/08/2017",51.99,252594.49399989,3018.05399999,1849409.7699997
"03/08/2017",50.77,227503.82999989,3133.21199999,1905110.81799966
"04/08/2017",52.09,164291.76199988,3167.75799997,1959942.51999976
"05/08/2017",52.88,239572.31599989,3018.15599998,1649724.9299997
"06/08/2017",52.48,296737.15199984,2970.85,1353672.51599973
"07/08/2017",51.42,291702.18799988,3218.08399999,1758962.21799978
"08/08/2017",52.18,277588.51799983,3312.06399997,1864421.37199976
"09/08/2017",51.42,242797.67599986,3013.56999999,1977942.16799978
"10/08/2017",52.18,265984.37399987,3023.2079999899997,1969159.71199969
"11/08/2017",52.16,311858.15399991,3307.19999998,1858937.3639997
"12/08/2017",52.59,315774.21799979,3407.4559999900002,1615239.00999968
"13/08/2017",51.47,279896.24999983,3405.772,1397256.08199974
"14/08/2017",51.29,251627.37199989,3443.62799999,1842647.90599967
"15/08/2017",49.9,250415.25999985,3624.04399999,1890704.62599966
"16/08/2017",51.29,218360.27799989,3457.77999998,1976530.96199978
"17/08/2017",49.9,213128.15799993,3472.53599999,1980118.81399968
"18/08/2017",50.39,225258.06799985,3494.06199999,1980081.69999963
"19/08/2017",50.37,264653.00199981,3714.02799999,1708621.70199969
"20/08/2017",50.96,270513.53199988,3796.656,1443258.97599968
"21/08/2017",51.94,245675.79199987,3498.934,1867427.37199978
"22/08/2017",52.29,358016.16399984,3230.32,1808367.74999965
"23/08/2017",51.94,329049.29599983,3148.88199997,1837502.2599997001
"24/08/2017",52.29,319389.59399987,3106.882,1856612.70199979
"25/08/2017",52.31,310192.17399987,3212.394,1855800.42199975
"26/08/2017",51.73,294562.84399988997,3720.29799999,1636633.09399969
"27/08/2017",51.87,261847.16199993,3846.63599999,1499380.59399975
"28/08/2017",51.87,284872.68599986,3813.922,1923101.56999964
"29/08/2017",51.64,285192.70199991,3576.21,1994488.56399962
"30/08/2017",51.87,308002.71599986,2707.34399997,1997855.24999972
"31/08/2017",51.64,261363.73199989,3548.53599998,2016651.13599977
"01/09/2017",51.91,360858.35199986,3874.05599998,1891414.86399981
"02/09/2017",52.69,337884.9739999,3388.86799997,1652209.73599969
"03/09/2017",53.15,349343.25399989,3137.56199997,1402909.55599973
"04/09/2017",52.6,327561.99599989,3824.79599998,1848500.95599973
"05/09/2017",53.63,306798.53199988,3896.23199999,1943471.67199974
"06/09/2017",52.6,282006.80199989,3663.37399995,1970320.29999977
"07/09/2017",53.63,302104.75399986,3533.15599998,1609519.39599974
"08/09/2017",54.48,292619.96599987,3962.69599998,1784584.33999977
"09/09/2017",54.16,312407.66999985,4149.72999997,1604656.35799978
"10/09/2017",54.55,371740.21999989,4257.22599996,1416890.44599973
"11/09/2017",54.2,345301.53199984,4216.72199997,1911116.2479997
"12/09/2017",55.06,308171.48999983,4426.43199993,2023493.55199969
"13/09/2017",54.2,342336.4579999,3956.8499999699998,1988524.23799973
"14/09/2017",55.06,325312.61199983,5016.64199997,2071156.45799977
"15/09/2017",55.52,332854.12999986,5049.27999997,2087877.30999975
"16/09/2017",56.76,321186.99999991,4954.20199998,1756153.97199976
"17/09/2017",56.18,303725.83199986,5145.83399995,1493562.59799971
"18/09/2017",55.5,314690.69199989,4199.04999998,1992261.6239998
"19/09/2017",56.58,328734.56599989,4941.21199996,2038207.6599997
"20/09/2017",55.5,330283.97599988,6280.82799992,2045918.03199969
"21/09/2017",56.58,335720.85399993,5627.80199994,2104441.60999977
"22/09/2017",57.2,294336.68599985,3729.19999998,2102491.05999966
"23/09/2017",57.73,292109.70799987,6347.89999998,1788330.77599973
"24/09/2017",58.16,325501.41199992,5015.00599998,1470127.97199973
"25/09/2017",59.42,339187.82999987,4844.10999996,1910996.93599976
"26/09/2017",59.77,310522.48999988,4548.58,2026003.70599974
"27/09/2017",59.42,302986.74799991,3715.14199999,2075901.18799967
"28/09/2017",59.77,317551.97399987,3740.91999996,2048396.1539997
"29/09/2017",58.74,341093.45599994,5179.57199999,1972110.64199969
"30/09/2017",58.8,289287.22799991,4561.20799997,1712554.36999972
"01/10/2017",57.02,263139.04599991,4433.08399996,1489285.30799968
"02/10/2017",55.67,288403.38799986,5497.85999998,1966010.41199971
"03/10/2017",56.12,262093.8299999,7590.585999989999,2048310.16399975
"04/10/2017",55.67,345207.67199989,8226.051999969999,1897720.54199981
"05/10/2017",56.12,363344.14399991,8739.32,1940502.81399973
"06/10/2017",56.0,322977.14599986,8262.76399997,2080615.93799976
"07/10/2017",57.09,313333.87399994,8466.54199997,1774541.97799975
"08/10/2017",55.5,351257.7759999,8648.71599997,1448892.57399972
"09/10/2017",55.29,302807.68399988,8786.71799993,2015895.46199981
"10/10/2017",56.62,290387.82999992,8838.25999996,2141903.81799975
"11/10/2017",55.29,308478.29599993,8696.28999997,2148919.05999974
"12/10/2017",56.62,344856.96199992,8857.25199998,1730192.61199974
"13/10/2017",56.13,337897.87799984,9262.65799998,1975674.35199973
"14/10/2017",56.13,264797.35599989997,9647.75599998,1781101.67999966
"15/10/2017",56.86,223409.7699999,9809.59999998,1448025.87199972
"16/10/2017",57.49,320801.9719999,10117.53199999,1882437.53799978
"17/10/2017",57.63,329714.39399989,10176.66799996,1966725.37199972
"18/10/2017",57.49,314999.56599988,10499.75799996,2036074.67599974
"19/10/2017",57.63,348103.27799994,9735.61199999,2050366.25599975
"20/10/2017",58.05,295160.14399982,10308.04799993,2078020.43799969
"21/10/2017",57.82,347920.48199996,9737.13199999,1722380.35399971
"22/10/2017",57.89,355624.13399985,10683.88399996,1453542.13199966
"23/10/2017",57.69,262168.14199987,10051.974,1918704.61999975
"24/10/2017",57.84,340448.7139999,9128.62999998,1888229.79399974
"25/10/2017",57.69,349253.8359999,10501.22999999,1928774.09399976
"26/10/2017",57.84,297507.54199991,10492.736,1976997.06599975
"27/10/2017",58.45,273859.60999986,9614.77199998,2054928.06999978
"28/10/2017",58.75,249202.95599991,7903.27999999,1863734.29199976
"29/10/2017",60.15,248975.38999989,7938.29599995,1590905.29399962
"30/10/2017",60.65,241514.8619999,6565.43399995,2034056.65599971
"31/10/2017",61.35,174124.58199985,4893.61999998,2140793.57799967
"01/11/2017",60.65,144828.99599995,6260.53199996,2085920.90999973
"02/11/2017",61.35,323009.66799985,5055.36399996,1517110.90599963
"03/11/2017",60.98,302453.28399985,9544.78999997,1794605.44999971
"04/11/2017",60.79,296571.43199989997,9730.79999996,1748687.87199968
"05/11/2017",61.42,255611.78999991,8071.31199997,1594628.82999972
"06/11/2017",64.27,234546.66599991,6734.04599997,2026217.80199967
"07/11/2017",64.36,251484.15599988,4139.892,2041481.50999967
"08/11/2017",64.27,274370.73599992,3644.26199998,2002694.03199965
"09/11/2017",64.36,249527.25199991,5795.51199996,2053743.16999966
"10/11/2017",63.96,246127.66399989,7322.17199999,2085074.06599971
"11/11/2017",64.49,234783.54399988,7933.37199999,1825228.46999979
"12/11/2017",64.35,205609.46199991,7656.53399995,1538650.66399972
"13/11/2017",62.94,172648.03799989,6803.02399997,2064329.2539997
"14/11/2017",60.91,215191.7839999,5911.27399996,2088356.44599966
"15/11/2017",62.94,313931.75799989,6902.89399998,1731658.3999997
"16/11/2017",60.91,307414.86999985,10796.41599997,2121148.80199974
"17/11/2017",61.25,250996.52199993,9774.57799999,2136814.17999982
"18/11/2017",61.18,257538.70399992,9359.25999997,1832909.44199974
"19/11/2017",61.34,218230.99599988,7711.85999996,1630644.02599974
"20/11/2017",61.34,231343.17799993,9602.15199998,1947335.98599973
"21/11/2017",62.28,300810.50399988,9086.85399998,2037274.24199966
"22/11/2017",61.34,213002.19199989,8513.32999998,2138323.91999973
"23/11/2017",62.28,217230.6839999,9206.27199997,2095364.15799968
"24/11/2017",62.92,242119.73599987,5491.18799999,2085842.80799975
"25/11/2017",63.27,270828.98599985,10215.52599997,2019698.61799972
"26/11/2017",63.58,277834.82399991,11651.91199998,1724355.29999967
"27/11/2017",63.25,288438.8399999,11513.18999997,2251556.49199977
"28/11/2017",63.56,244929.27799986,11196.85199996,2372829.32799971
"29/11/2017",63.25,222259.73799982,10900.428,2359801.42399968
"30/11/2017",63.56,266041.71199985,7100.69599996,2288368.82399969
"01/12/2017",63.74,274483.45599989,3756.32599997,2254457.29599969
"02/12/2017",63.53,238119.8799999,5766.73799999,2026407.50199975
"03/12/2017",64.57,226766.09999984,7596.68599996,1803237.1499998
"04/12/2017",63.45,229731.58199989,9911.70199995,2369378.47599969
"05/12/2017",63.45,232861.00599993,10099.38799998,2448378.76399967
"06/12/2017",63.45,262239.36799985997,8666.39799998,2409348.46799983
"07/12/2017",63.45,182210.24599982,7406.69999992,2509554.74799973
"08/12/2017",62.25,112384.50799991,4320.46199997,2505622.66399967
"09/12/2017",62.37,123504.45399989,4731.14399996,2250044.32399965
"10/12/2017",63.86,137003.46399986,4892.98999995,1980218.61799969
"11/12/2017",65.62,151253.54199982,5205.92599997,2468704.95199965
"12/12/2017",64.96,186651.28999987998,7652.28,2335239.75999967
"13/12/2017",65.62,240402.03799992,4387.93599996,2330588.40799972
"14/12/2017",64.96,232740.93399992,6813.11799996,2398241.65799969
"15/12/2017",63.66,216311.00199985,7917.52599995,2435665.81799968
"16/12/2017",63.72,248331.21999989,9422.03599995,2184237.96799964
"17/12/2017",63.81,296811.35064359,10572.65198463,1878408.57725939
"18/12/2017",64.45,309579.40399988,10330.79599997,2301864.3559998
"19/12/2017",63.69,292462.9199999,11735.67399998,2367746.37399969
"20/12/2017",64.45,279356.73199984,13236.62599997,2362759.66999974
"21/12/2017",63.69,226691.0559999,12831.51799997,2351868.01799977
"22/12/2017",64.43,239855.01199987,10602.94799996,2277022.71399974
"23/12/2017",64.64,248211.83599984,13016.53799998,2041861.19999969
"24/12/2017",64.61,248667.40799981,12915.249999990001,1797586.84399972
"26/12/2017",64.61,232446.72599988,11276.62399997,2117083.44199976
"27/12/2017",66.03,259881.73999989,12873.45599997,2208551.23999981
"28/12/2017",64.61,222926.87999988,11917.40199999,2269375.7619998
"29/12/2017",66.03,239847.71199983,12622.55399999,2184177.53999968
"30/12/2017",66.8,229937.95799991,10176.32199996,2061922.69399973
"31/12/2017",66.73,213616.49399986,11376.11399998,1894798.88199978
"01/01/2018",66.65,178118.60199987,10488.54199998,1838544.5699998
"02/01/2018",66.65,129569.93199985,8416.05999996,2344565.22599978
"03/01/2018",66.65,88657.04199993,8192.09799996,2499883.63399969
"04/01/2018",66.65,112383.47599989,6561.57399998,2467578.55999973
"05/01/2018",67.85,184958.0759999,6624.71799999,2460560.80799977
"06/01/2018",68.73,193063.92799992,9963.47399998,2271347.54399968
"07/01/2018",68.01,180747.25999991,9839.05999992,1981276.78399975
"08/01/2018",68.48,235918.81599988,12369.46199997,2305574.01799969
"09/01/2018",69.08,286914.08199982,13620.12799998,2358641.31199978
"10/01/2018",68.48,234578.27999992,10192.89999996,2488911.59199974
"11/01/2018",69.08,219952.45599992,11522.01199998,2528548.14599976
"12/01/2018",69.79,213705.66599988,12516.93999999,2517151.36399969
"13/01/2018",70.36,260240.20599985,10408.75999996,2263821.00799979
"14/01/2018",69.64,235097.73999988,9735.153999959999,2030770.96599979
"15/01/2018",70.31,287825.68599984,12055.408,2469789.93999971
"16/01/2018",69.4,323124.5039999,12376.75799994,2579564.20799976
"17/01/2018",70.31,344064.92599985,13939.76799996,2578967.85399965
"18/01/2018",69.4,319294.00799984,12618.53799999,2677895.74599969
"19/01/2018",69.19,188247.22799984,11340.58999998,2799218.57599972
"20/01/2018",69.48,187566.38799986,11516.55199998,2474105.65399969
"21/01/2018",68.56,246964.45399985,13164.62399997,2155598.23599977
"22/01/2018",69.32,249022.96758887,13610.64597705,2673115.63279556
"23/01/2018",69.81,217685.51599983,11631.987999949999,2803252.17199975
"24/01/2018",69.32,203553.65999990999,11657.53199998,2834567.30799973
"25/01/2018",69.81,157891.80799989,9484.72599995,2799327.24599975
"26/01/2018",69.91,139701.17199987,8657.24999998,2763649.00799973
"27/01/2018",71.08,186864.98799992,9358.19599998,2417280.35599977
"28/01/2018",70.08,151658.91399987,10020.37399997,2224302.28399964
"29/01/2018",68.41,173333.97399985,8851.52199996,2705479.46999971
"30/01/2018",67.78,204101.56799992,9888.936,2688577.01599979
"31/01/2018",68.41,201253.64199987001,8195.94399998,2657998.62399977
"01/02/2018",67.78,174104.38799988,8341.11799997,2699949.35199975
"02/02/2018",67.78,144655.91199992,8971.28999996,2709700.01799979
"03/02/2018",68.6,122528.40399989,6066.20199997,2502373.51599971
"04/02/2018",67.45,121923.00999986,4831.77599995,2185668.76999976
"05/02/2018",67.69,162251.52999987,7281.44999992,2596444.65399972
"06/02/2018",66.75,152779.92199993,8200.88399999,2687949.93999969
"07/02/2018",67.69,146323.24799985,10135.08799997,2736400.80999974
"08/02/2018",66.75,188900.57999988,11067.47799994,2780446.37399974
"09/02/2018",65.74,161427.51199986,9403.19599995,2826020.26799972
"10/02/2018",64.26,98607.14399982001,10127.31999998,2462805.84799976
"11/02/2018",63.04,140369.92999987,11305.945999990001,2129341.53399973
"12/02/2018",62.2,162228.65399985,14898.86399998,2313391.7239997
"13/02/2018",61.94,120907.40999991,13172.48199999,2318817.10999964
"14/02/2018",62.2,203631.28599984,12502.72199999,2479196.66199976
"15/02/2018",61.94,178150.35799987,11450.31999995,2587743.91999965
"16/02/2018",62.29,224815.14599992,11684.41599995,2622935.30999963
"17/02/2018",62.86,202903.43399983,12187.60999999,2459253.51799967
"18/02/2018",64.3,157140.55799988,11777.45999996,2222530.58199974
"19/02/2018",64.95,139099.98199987,11073.06799996,2710399.62799974
"20/02/2018",64.95,123538.19599991,8848.08999999,2791660.89799971
"21/02/2018",64.68,126754.55399989,10988.29999996,2829382.60799972
"22/02/2018",64.81,94244.10799992,7377.54199998,2809638.29199974
"23/02/2018",66.12,36975.93999992,10945.19199998,2804715.11999973
"24/02/2018",67.04,109916.57999988,11499.13399999,2434174.41599969
"26/02/2018",67.96,112965.10399987,10140.48999995,2765952.87999971
"27/02/2018",67.96,155210.54599985,13356.26999999,2778870.19599975
"28/02/2018",67.59,176326.81999987,13349.31599997,2815602.94999972
"01/03/2018",66.08,117546.83199988,11575.55399998,2902820.7999997
"02/03/2018",64.23,64355.61799985,13346.24199998,2945678.60399971
"03/03/2018",64.26,98514.14599989999,13997.95799996,2585902.57199962
"05/03/2018",65.78,104000.75999988,12568.32199996,2874179.82999963
"06/03/2018",65.78,126818.71199978,11058.43999996,2936644.23399965
"07/03/2018",65.67,122204.05199985,11062.12399997,2907007.23999974
"08/03/2018",65.09,90377.06399987,7790.91399996,2867456.10199973
"09/03/2018",63.87,78196.03799988,10221.18599997,2837786.34399962
"10/03/2018",65.19,91597.33999987,11071.266,2560653.79799972
"12/03/2018",64.53,116296.48199986,11134.88599997,2838957.5519997
"13/03/2018",64.53,100787.91199991,9978.01399999,2899850.54599965
"14/03/2018",64.2,156280.49399987,12566.88799997,2920783.98399975
"15/03/2018",63.61,206322.78799986,13561.06999995,2859264.2899997
"16/03/2018",63.67,141691.59999991,13670.88799997,2868589.03199973
"17/03/2018",64.68,139873.33799989,12203.61399998,2551846.57199972
"19/03/2018",64.82,167608.18599983,12678.45999997,2812025.65199963
"20/03/2018",64.82,147403.09999988,11252.87799998,2840122.16199966
"21/03/2018",66.0,112614.34999992,10250.64999997,2692731.12199961
"22/03/2018",68.15,149470.37199992,10784.94399998,2685043.40599968
"23/03/2018",68.98,211011.08599984,10324.46399998,2627984.07799964
"24/03/2018",69.03,167008.94999984,13012.86399993,2411712.88199966
"26/03/2018",68.81,148026.02399985,11193.69799998,2565706.21599963
"27/03/2018",68.81,217196.94799979,12804.73199998,2560792.93999978
"28/03/2018",68.63,169472.65799986,14093.68999997,2633009.26599971
"29/03/2018",68.13,148041.66999989,12464.89799991,2624408.45199961
"30/03/2018",69.02,127708.25399982,14187.42599998,2126581.83999974
"03/04/2018",69.02,118353.3639999,12885.42999993,2789279.77999962
"04/04/2018",69.02,112693.48199987,11087.87799996,2776664.54999976
"05/04/2018",66.04,91130.4939999,11142.37799998,2777191.48399978
"06/04/2018",66.54,75917.55399993,7606.93999997,2783464.36599965
"07/04/2018",66.51,86138.19199989,8206.99999996,2425244.86199986
"09/04/2018",68.19,150874.90799991,11395.21599995,2557994.45399976
"10/04/2018",68.19,185935.46599988,11736.07199999,2603279.53399978
"11/04/2018",70.67,159029.29999983,10412.96599996,2638160.0799998
"12/04/2018",72.74,175437.26999994,10741.58999996,2613019.24399971
"13/04/2018",71.44,143586.4759999,9695.10599994,2627853.85799976
"14/04/2018",73.18,120720.76399989,11256.05799999,2353758.87999979
"16/04/2018",72.05,201032.10199987,12470.44399997,2321507.94999979
"17/04/2018",72.05,220181.14399983,11213.40599996,2360225.50199968
"18/04/2018",71.71,237910.73599991,11901.97799995,2346746.62399966
"19/04/2018",73.73,214331.28999984,13430.58599993,2387660.10199975
"20/04/2018",74.85,168003.30999992,14084.63399997,2461453.63399972
"21/04/2018",74.62,179269.46399986,12358.48199997,2050828.49999978
"23/04/2018",74.54,230284.90599987,13626.57999993,2406965.05599969
"24/04/2018",74.54,209150.49399989,13529.58999992,2566042.6179997
"25/04/2018",75.86,187458.2019999,14155.65999997,2607768.80599971
"26/04/2018",73.79,192520.11999987,14176.98999996,2620208.43399965
"27/04/2018",75.39,230876.52999988,13677.71799996,2590487.0799997
"28/04/2018",75.33,236164.30799982,13113.08799996,2250966.99599971
"30/04/2018",75.92,220067.4159999,14543.70799995,2282341.42399982
"01/05/2018",75.92,197991.00199991,15092.84999994,2037931.42199975
"02/05/2018",74.85,246952.39999981,14307.72799995,2415449.38399978
"03/05/2018",73.14,206173.83799987,13565.12799995,2526133.33399968
"04/05/2018",73.45,253833.4079999,14286.13599996,2463983.5599997
"05/05/2018",74.75,224352.38599984,13453.19599994,2219604.99199968
"07/05/2018",74.75,230588.32199985,14611.16799999,2359466.5479997
"08/05/2018",74.75,233667.29799989,14193.64199998,2389963.14799973
"09/05/2018",74.16,231169.41999984,13242.71999998,2372628.36399972
"10/05/2018",77.6,167574.09799984,14335.62999998,2461241.49199977
"11/05/2018",77.59,268580.35799991,14471.925999950001,2351052.10399966
"12/05/2018",77.37,209057.60999989,14162.93999995,2164110.62399967
"14/05/2018",78.17,321035.73399987,13997.14799995,2194538.91199974
"15/05/2018",78.17,221932.06599982,14055.59599995,2384909.16199974
"16/05/2018",78.94,204125.12199986,13239.04599998,2430214.81199981
"17/05/2018",78.19,149043.04799983,12348.72399995,2503584.54799979
"18/05/2018",80.09,228384.64399988,13598.837999970001,2407127.57999976
"19/05/2018",78.38,198753.21799991,12596.55199994,2125041.45599968
"21/05/2018",78.34,155997.50599985,14824.81999997,2160762.01799969
"22/05/2018",78.34,303729.3759999,13892.20799997,2101317.20999971
"23/05/2018",80.42,253294.51399986,14982.70199996,2129052.36399976
"24/05/2018",78.69,212756.81399988,12096.29799997,2161575.88599971
"25/05/2018",78.9,223704.20999989,13158.17599997,2097370.18199972
"26/05/2018",76.6,267548.56199987,15009.46399997,1807419.33799973
"29/05/2018",74.51,320866.23399985,14087.56199996,1860131.86999975
"30/05/2018",74.51,278447.19799986,13596.24199998,1904446.89199977
"31/05/2018",75.89,241962.46199978,14850.70199997,1784038.01399969
"01/06/2018",76.45,240513.76999991,14366.403999959999,1953001.40599976
"02/06/2018",74.54,237074.89199984,13972.47199998,1894097.18199973
"04/06/2018",73.41,308912.69799981,13313.69599995,2003437.38599977
"05/06/2018",73.41,271509.26799985,14574.21799994,2002351.75399968
"06/06/2018",72.91,230853.35799991,13855.63399998,2031122.49199969
"07/06/2018",73.23,224985.60799992,12964.41999993,2065289.8759997
"08/06/2018",75.23,217683.36399992,13616.94399996,2097205.31799974
"09/06/2018",75.11,248706.15599985,13879.80999997,1901542.39599976
"11/06/2018",74.58,286757.07399984,14309.57199997,2030864.09399976
"12/06/2018",74.58,279145.82399984,14820.14199998,2095228.08599969
"13/06/2018",74.86,351705.8899999,13842.06399996,2061397.25399968
"14/06/2018",75.07,274559.77399985,14712.91399995,2104394.95599971
"15/06/2018",74.77,264703.21799991,15209.68799998,2077156.57999974
"16/06/2018",72.02,293843.91599987,15367.25999997,1837881.07199977
"18/06/2018",74.87,235045.15199988,14321.93799998,2025209.66199975
"19/06/2018",74.87,278016.5999999,12575.60599994,1972581.88399967
"20/06/2018",74.92,317712.30199977,14098.76999998,1916471.2519997
"21/06/2018",74.25,333575.96799982997,14380.02599994,1970266.80599968
"22/06/2018",72.87,323848.74999987,14807.40399998,1906748.94599969
"23/06/2018",73.67,355816.19599985,15305.19999997,1769941.52999972
"25/06/2018",72.82,289211.86599982,14786.31599996,1986664.09599983
"26/06/2018",72.82,237689.68999989,14074.60599996,2097548.67599974
"27/06/2018",73.58,286718.20799983,15344.81199994,1944887.81399974
"28/06/2018",76.09,313071.95399986,15360.07999997,2027013.9899997101
"29/06/2018",76.26,295347.21599986,15264.54999994,1988031.84799965
"30/06/2018",77.44,225719.12399986,13872.02999998,1832039.32399979
"02/07/2018",76.71,277306.90999989,15179.20399996,1892124.3499997
"03/07/2018",76.71,297221.29799994,14236.098,2013430.4339997
"04/07/2018",75.87,305373.46199991,15776.27999996,2007212.82399962
"05/07/2018",76.99,287013.55799985,15722.25999995,2077088.79199963
"06/07/2018",77.09,287555.81799982,15494.18599998,1946717.98999965
"07/07/2018",74.98,287295.32399985,14970.48599996,1767774.08799978
"09/07/2018",77.08,289774.63599985,15818.73799997,1863352.36799964
"10/07/2018",77.08,243491.45399986,15675.45399998,1998716.11799972
"11/07/2018",77.8,171912.02199985,14953.77799998,2050756.11399974
"12/07/2018",75.35,278151.42799993,14546.02999997,1958497.01199976
"13/07/2018",72.11,339342.82599988,15334.14999994,1901422.42199969
"14/07/2018",74.11,307670.01399981,16322.753999960001,1692528.65199978
"16/07/2018",71.03,344424.57199992,16149.35799994,1872289.45599969
"17/07/2018",71.03,375169.65199985,14947.15999998,1936612.64199979
"18/07/2018",70.87,317273.33399989,16196.25599998,1987378.2599997001
"19/07/2018",70.52,354200.56599982,16805.41399995,1981596.62199971
"20/07/2018",71.94,344299.70999987,16134.64599999,1988256.79799977
"21/07/2018",71.99,361465.72399992,16426.50599998,1705023.27599974
"23/07/2018",73.45,384056.16599988,17049.336,1828626.72799974
"24/07/2018",73.45,353450.34399988,15943.60199997,1962872.57599975
"25/07/2018",73.53,388863.84999988,14872.81799998,1925416.95199978
"26/07/2018",73.67,336311.57399988,16998.31199995,2001919.67999977
"27/07/2018",74.51,302438.42599983,16899.64999995,2037972.10599973
"28/07/2018",74.84,345394.32199988,17199.99599996,1678891.17399971
"30/07/2018",74.99,276315.07399984,15934.50399996,1974441.15799979
"31/07/2018",74.99,255732.91199991,15867.71999996,2030291.17799973
"01/08/2018",74.16,257126.90799989,14560.05199996,2026430.48999974
"02/08/2018",72.28,339440.53799986,14872.03999993,1957357.94199978
"03/08/2018",72.95,345527.71599986,14191.03599998,1959910.5019997
"04/08/2018",72.48,269374.8459999,14357.70399994,1820767.23799978
"06/08/2018",72.51,312506.97799986,13589.33599995,1944843.83599969
"07/08/2018",72.51,377509.2239999,15238.79399996,1904856.83399966
"08/08/2018",72.31,357444.48199987,16093.92599996,1962937.58799971
"09/08/2018",70.71,305415.48399987,15489.00999996,2013204.2259997
"10/08/2018",70.55,290740.02799985,16090.573999960001,1995239.67399965
"11/08/2018",71.0,238049.18999985998,16859.41799996,1836249.26599974
"13/08/2018",70.62,247881.09599982,16083.72199998,1992692.58599974
"14/08/2018",70.62,296550.85599992,15582.40599999,2037173.12999973
"15/08/2018",70.77,330469.9639999,17198.13399997,1981113.96399964
"16/08/2018",68.38,334063.35399988,13217.30999997,1976864.39199967
"17/08/2018",69.21,398575.18199989997,10978.72399995,1899169.88199969
"18/08/2018",70.14,377301.2499999,15561.48199998,1686305.15199964
"20/08/2018",71.11,390399.91399986,17748.27199994,1856424.41399972
"21/08/2018",71.11,362665.26199988,18021.96999999,1948339.13199972
"22/08/2018",71.65,352885.32799995,15858.03199997,1955240.55999972
"23/08/2018",72.96,345915.5279999,18126.33399995,1995369.24999967
"24/08/2018",73.73,368178.47799988,17420.60399996,2000045.1099997
"25/08/2018",74.41,14719.46599991,569.79799999,1696155.97199974
"27/08/2018",74.41,354087.66599992,17934.31199993,1813714.57199972
"28/08/2018",74.41,362399.36199986,15397.86799996,1880006.34599975
"29/08/2018",75.91,385406.23399988003,19035.837999979998,1885589.04999975
"30/08/2018",76.07,360802.52999988,17593.20999998,1935107.19799963
"31/08/2018",77.05,362317.60199985,19488.64399995,1942838.4899997101
"01/09/2018",76.94,353879.72599993,18937.806,1678104.41399979
"03/09/2018",77.81,301608.65999986,17577.925999979998,1938856.97199961
"04/09/2018",77.81,274037.91799986997,17329.85199995,1992287.98399968
"05/09/2018",77.51,245217.40399991,16926.96399996,1982060.14599967
"06/09/2018",76.68,335039.25799989,16692.47599997,1903923.17799967
"07/09/2018",75.67,357261.40999984,18510.01999997,1590704.78799973
"08/09/2018",75.55,364079.88799985,19862.39399996,1557907.64599969
"10/09/2018",76.77,374065.19799989,19522.83399996,1841423.31799963
"11/09/2018",76.77,362102.13199988,18985.91399994,1893713.11199971
"12/09/2018",78.22,431216.96399989,18335.43399995,1848954.85999976
"13/09/2018",80.02,425927.2179999,18653.83799996,1884701.47399973
"14/09/2018",77.66,389087.3799999,18162.54399998,1889328.02199967
"15/09/2018",77.87,350545.09999988,14844.56799995,1721515.5979996999
"17/09/2018",78.22,349151.93799992,11752.61199995,1916881.37999981
"18/09/2018",78.22,342903.37399992,14100.23199994,2009782.13999972
"19/09/2018",79.25,328532.09999988,16814.29399993,2075069.10599977
"20/09/2018",79.43,367202.60199983,16688.12399996,1946426.0319997799
"21/09/2018",79.03,322806.34399986,18680.99199998,2044674.45399974
"22/09/2018",78.9,287976.66999987,19919.04999996,1836442.24599973
"24/09/2018",80.89,336111.71199986,19843.22999998,2032234.2399998
"25/09/2018",80.89,364542.76399988,19869.18599994,2078442.23999967
"26/09/2018",82.21,391653.3459999,20191.17399995,2101662.8039997
"27/09/2018",81.87,381777.33799988,19766.80799998,2095217.84799973
"28/09/2018",81.54,352937.91999986,19497.71599995,2077969.44999964
"29/09/2018",82.72,347833.91799989,17950.06599996,1882460.23799978
"01/10/2018",84.94,379337.97599989,19291.77999997,2055737.78799983
"02/10/2018",84.94,349249.39599984,15914.01999995,2173732.25199972
"03/10/2018",85.63,273623.75399988,19678.49799994,2278401.99399966
"04/10/2018",85.45,261172.72999985,17623.58799996,2277166.38999973
"05/10/2018",86.07,288726.21599991,17695.66599996,2186190.76999974
"06/10/2018",85.12,314967.6899999,18929.36799999,1840783.61599978
"07/10/2018",84.22,353427.66599984,18457.87199995,1533237.23599974
"08/10/2018",85.16,397947.07399989,19492.73599994,1991440.67199965
"09/10/2018",84.22,380261.7499999,20135.91399996,2168287.05399973
"10/10/2018",85.16,378378.5979999,18501.04599995,2245428.28399972
"11/10/2018",83.82,350612.6359999,20103.69399997,2226706.70399967
"12/10/2018",81.35,370817.33999987,20335.57399996,1809296.69999971
"13/10/2018",80.71,335870.52999989,20003.80999997,1887796.14399974
"15/10/2018",80.91,137295.68599987,12709.45999995,2353439.73399965
"16/10/2018",80.91,154091.00999982,12463.19199995,2394217.04399968
"17/10/2018",80.53,232602.38999988,13940.98799997,2386998.78399971
"18/10/2018",79.91,272864.39399988,16507.68199995,2420047.05999978
"19/10/2018",80.3,249998.36399983,14932.11199997,2405319.55199976
"20/10/2018",80.38,206793.12199984,14837.36799996,2069703.30399979
"22/10/2018",80.45,304143.30999983,14997.36599997,2150157.38999967
"23/10/2018",80.45,333242.90399992,18553.28999991,2285584.84599972
"24/10/2018",78.67,339313.2619999,18116.90999999,2321579.13599979
"25/10/2018",77.34,338623.11599985,15860.01399996,2339400.32799973
"26/10/2018",77.3,268656.63399988,17237.89799997,2414965.09199972
"27/10/2018",77.4,255636.31599994,14195.33799994,2207654.16999969
"29/10/2018",77.56,237415.02799989,15710.459999929999,2358805.17999969
"30/10/2018",77.56,336136.31199989,16737.41799997,2417270.06199971
"31/10/2018",75.68,346853.33199991,18430.12799998,2469632.89199966
"01/11/2018",74.84,311524.69399993,17079.53799999,2496965.17799972
"02/11/2018",71.25,247862.72399986,15677.69399994,2136121.1239997
"03/11/2018",71.11,283451.63799986,15108.82199998,2150883.10199968
"05/11/2018",72.68,246753.03399977,15792.58799995,2413567.62799973
"06/11/2018",72.68,299632.30799988,12433.71199996,2402192.85399973
"07/11/2018",70.64,321036.79399985,14240.47999997,2402937.1619997
"08/11/2018",70.1,351393.85999985,13185.11199995,2365346.57599975
"09/11/2018",69.29,347314.37599992,10980.15999995,2375036.13399978
"10/11/2018",69.01,333236.11199989,10811.61199997,2212110.80799973
"12/11/2018",69.81,273900.36799983,16400.62599995,2588775.63399981
"13/11/2018",69.81,334135.43599986,19424.81199994,2674067.79799977
"14/11/2018",65.45,361786.55199988,20786.60799997,2696200.36399972
"15/11/2018",64.88,323692.90799988,18901.62399996,2369617.00399973
"16/11/2018",65.61,308430.45599987,15389.74999992,2520842.48799975
"17/11/2018",65.29,396398.13999986,20295.80599997,2159314.18199967
"19/11/2018",64.14,333747.48399989,18113.83999996,2422094.51999969
"20/11/2018",64.14,350786.60199988,17210.31999996,2374086.2699997798
"21/11/2018",61.5,399315.76199985,18165.09199995,2374100.50399968
"22/11/2018",61.65,412237.67199985,14911.65799996,2453138.61199968
"23/11/2018",61.11,344853.37799985,17986.18599995,2582491.19799975
"24/11/2018",57.69,331703.53399988,12521.27199996,2328003.82599969
"26/11/2018",59.7,286177.02799991,12497.71599997,2451434.91399972
"27/11/2018",59.7,385096.5599999,19784.84199996,2388396.86199973
"28/11/2018",59.58,388385.9859999,21206.56399996,2424470.72799972
"29/11/2018",57.97,326288.72199989,22802.49999996,2598908.4019997
"30/11/2018",58.29,214693.95199983,20653.70199996,2730049.32799966
"01/12/2018",57.71,154021.24999986,13026.12599999,2503147.80999969
"03/12/2018",60.17,153628.44399985,12858.17599999,2569994.2539997
"04/12/2018",60.17,154435.60199988,12136.62399998,2649724.04599969
"05/12/2018",61.22,112477.24599985,11867.38399994,2755745.8979997
"06/12/2018",61.4,104707.27399992,14177.74799996,2760387.77199969
"07/12/2018",57.83,126871.16999991,18263.07799998,2665050.01599963
"08/12/2018",61.71,99232.60599991,16036.72399996,2315586.44199965
"10/12/2018",60.29,274627.39199983,13241.57599994,2560978.13999965
"11/12/2018",60.29,348156.14799989,19779.80999996,2665960.93799974
"12/12/2018",59.73,359380.48399987,20484.03399997,2759878.29599968
"13/12/2018",59.94,334863.2159999,24395.44999997,2818609.21199971
"14/12/2018",59.03,321377.44799985,23896.68799996,2832360.67999973
"15/12/2018",58.56,330413.51399985,25030.56999996,2557813.05399976
"17/12/2018",57.59,310029.13399989,23524.93399998,2900009.57199971
"18/12/2018",57.59,282944.64599988,25019.20199995,2926016.47399965
"19/12/2018",55.26,324385.05199992,25769.80199997,2823125.05199977
"20/12/2018",55.6,286841.85599984,27553.77599995,2868588.47799964
"21/12/2018",52.84,232441.50199987,24617.55199995,2856210.13599975
"22/12/2018",51.93,237457.9559999,23466.20399994,2580676.83799963
"27/12/2018",51.49,225833.20999986999,18783.66599997,2465505.15999963
"28/12/2018",51.49,186490.00399988,17911.28599993,2500502.93799967
"29/12/2018",50.57,222465.08599984,19600.62999998,2353716.69799975
"02/01/2019",54.06,368736.9199999,25227.89199997,2451962.94399976
"03/01/2019",54.06,334843.98599987,27000.78999995,2692334.15599977
"04/01/2019",53.23,246415.82199988,19506.90799997,2780330.62599966
"05/01/2019",55.64,302964.57199988,17585.40599997,2411865.03999964
"07/01/2019",57.1,270083.16199979,19978.02199997,2768246.89799968
"08/01/2019",57.1,257271.5119999,20087.095999959998,2891737.9479997
"09/01/2019",56.91,304438.33999986,21748.99999993,2877164.89599965
"10/01/2019",59.46,261084.68199988,19345.45399999,2928342.17599968
"11/01/2019",60.47,275476.68399985,21943.97399999,2877832.14599968
"12/01/2019",59.24,208973.64799986,23716.83799998,2641721.07399974
"14/01/2019",58.8,199626.89799986,19883.06599992,2908917.80599966
"15/01/2019",58.8,210411.85599988,23309.42399997,2979793.5339997
"16/01/2019",58.65,198394.58399989,24092.05399999,3013283.38199965
"17/01/2019",59.81,212955.39799991,22896.33399995,2976556.4159996
"18/01/2019",59.85,245765.00199987,23936.90999997,2913093.01999964
"19/01/2019",62.04,271734.39999988,24923.85799997,2692707.62799971
"21/01/2019",62.18,318335.57199987,25656.31399994,2874173.92399958
"22/01/2019",62.18,324242.87599988,26865.72799995,2984444.58199966
"23/01/2019",60.9,243130.34799991,25696.138,3081542.4979997
"24/01/2019",61.05,275646.68399987,21364.72799997,3049592.5859998
"25/01/2019",61.09,292228.58999986,21704.533999940002,2903628.1899996498
"26/01/2019",61.49,226725.42399991,17777.32599991,2538271.84799969
"28/01/2019",59.71,310078.35199986,26717.89999998,2798758.65799971
"29/01/2019",59.71,300264.19199988,28485.36199996,2934535.73399974
"30/01/2019",60.98,280730.13599988,28344.957999950002,3007832.37999971
"31/01/2019",61.89,276860.01599988,26449.96599994,2982787.74199974
"01/02/2019",62.46,270341.57799989,25392.41999997,2971955.61399965
"02/02/2019",61.86,304148.79199987,22815.44999997,2586693.1699997
"04/02/2019",62.26,109545.92999988,22707.138,2795190.81599969
"05/02/2019",62.26,83363.75199991,17504.61399995,2750623.91199971
"06/02/2019",61.67,131273.14199989,13869.92199996,2656229.5539997
"07/02/2019",62.22,205642.38799989,16582.62999997,2593118.47999972
"08/02/2019",61.01,213622.06599986,20531.13799998,2703108.91799976
"09/02/2019",61.37,236910.34599986,20853.14199996,2464342.68199968
"11/02/2019",61.3,343391.93999984,27025.39399996,2679578.15799978
"12/02/2019",61.3,298877.44599984,24743.46999997,2753254.6059996397
"13/02/2019",62.58,118658.03399985,23523.70399997,2714012.14599974
"14/02/2019",63.27,93936.57399983,23360.67799995,2654879.56599979
"15/02/2019",64.0,96110.86199989,17749.86599992,2624313.46599971
"16/02/2019",65.65,72028.50386241,17406.648066910002,2343297.07930629
"18/02/2019",66.41,135124.36999989,17601.07399995,2578733.95999968
"19/02/2019",65.86,92264.99199983,23283.29399997,2699769.12399971
"20/02/2019",66.82,108386.4419998,21555.62399995,2738707.85999968
"21/02/2019",66.91,142542.55799988,21358.62199995,2722194.34999966
"22/02/2019",66.91,180657.35199983,24345.08999994,2737790.37799974
"25/02/2019",64.02,55951.4659999,21917.40399994,2894703.36199976
"26/02/2019",64.51,64531.63799991,20513.28399998,2757508.79999975
"27/02/2019",65.55,83424.83399989,18879.67799997,2756671.29999979
"28/02/2019",65.03,122933.89199991,20548.92199994,2711170.85799974
"01/03/2019",63.71,122147.88199986,19507.49599997,2651721.0339997
"04/03/2019",64.44,178748.41999986,20451.663999970002,2285151.78599961
"05/03/2019",64.24,242905.36599988,21220.88399998,2256032.27399967
"06/03/2019",64.51,217161.79799984,23402.40599999,2566158.87399968
"07/03/2019",64.82,227209.96799984,25227.61799999,2823491.61999974
"08/03/2019",65.66,216398.98999987,25712.93999995,2901025.24399969
"11/03/2019",65.06,218356.31399987,22966.45399994,2644374.1979997503
"12/03/2019",65.33,268398.16399984,24872.87399993,2642299.79599965
"13/03/2019",65.89,208151.77999986,22498.88799997,2799942.0339997
"14/03/2019",66.18,131487.82799989,23761.03599998,2891688.92999971
"15/03/2019",66.11,156677.68999985,25155.37399999,2843110.21799969
"18/03/2019",66.65,76007.74799989,24280.70799999,2841173.69199969
"19/03/2019",67.13,77825.60999987,23077.46399995,2950117.93999971
"20/03/2019",68.35,97680.69799988,20046.75199994,2866477.70599973
"21/03/2019",68.3,80877.0159999,13041.653999959999,2708636.43599973
"22/03/2019",66.29,53610.7119999,16598.01799994,2635806.5779997
"25/03/2019",67.37,97068.11999986,19345.72999997,2660316.83199975
"26/03/2019",67.51,86028.39399993,16268.25599997,2743050.64199968
"27/03/2019",67.35,187707.92399989,18826.80399998,2672476.69399969
"28/03/2019",66.08,283005.09999981,20520.78399998,2532807.05999978
"29/03/2019",67.93,291318.29015588,24449.07199996,2463620.91599976
"01/04/2019",69.08,139408.13799994,21712.58799997,2654833.82199979
"02/04/2019",69.68,124245.87199987,20924.99599998,2709807.41199972
"03/04/2019",69.21,153293.5479999,20314.49599996,2768613.99399969
"04/04/2019",69.8,112138.91399988,20162.62599995,2831402.93199969
"05/04/2019",69.93,103066.36399992999,19464.56999997,2825863.95999966
"08/04/2019",71.12,177827.79399985,19314.28599997,2649762.67599968
"09/04/2019",71.02,174548.69799985999,21428.63599998,2625506.07199968
"10/04/2019",71.63,119710.10199989,19627.86999996,2613714.07999969
"11/04/2019",71.3,107429.73999991,19181.40399993,2632031.55799962
"12/04/2019",71.57,145562.13999987,21298.18399997,2618811.56399967
"15/04/2019",70.9,178367.52599982,22021.33199994,2652424.37799966
"16/04/2019",70.74,203998.14199986,22934.05199997,2663378.88799976
"17/04/2019",71.14,134284.02799989,17944.33199996,2697596.8759996598
"18/04/2019",70.71,90488.85599983,22877.57999994,2645934.91599976
"23/04/2019",74.39,274206.95199989,21525.75799996,2593299.1799997
"24/04/2019",73.59,308641.96999986,23952.93999997,2605313.5819997
"25/04/2019",74.94,307319.60999991,22410.25599997,2640590.13799963
"26/04/2019",71.03,273563.72599988,23466.59799998,2670328.55199969
"29/04/2019",71.22,86986.79199981,22945.95799999,2638809.32999968
"30/04/2019",72.19,138740.45599988,20985.04199994,2600726.02199967
"01/05/2019",72.01,202723.60399986999,19551.02999997,2170197.9279998
"02/05/2019",70.56,231854.92599987,19548.84399996,2541558.1899997
"03/05/2019",71.95,291452.00799988,19337.12599995,2561322.75999973
"06/05/2019",71.95,285813.84399991,24622.05799997,2577649.37199961
"07/05/2019",70.98,193356.39799987,23136.94599999,2669093.8179997
"08/05/2019",71.09,185104.70399989,21305.75799998,2599647.00799971
"09/05/2019",70.61,337854.93999987,21042.50799994,2435770.02399967
"10/05/2019",71.63,320015.13599992,23640.07999999,2478762.81799972
"13/05/2019",72.35,198966.9199999,22844.08199994,2604220.3979997
"14/05/2019",72.53,159009.0899999,21810.86999996,2652956.32599966
"15/05/2019",73.09,127221.15599985,17572.19999995,2580104.11799974
"16/05/2019",74.7,146676.86999988,11776.23199994,2511595.2259998
"17/05/2019",73.94,201168.47999986,11248.393999939999,2450562.02199972
"20/05/2019",73.21,211988.66374673,21281.5700108,2360012.03877502
"21/05/2019",72.94,267191.9919998,21854.74199998,2406265.5859998
"22/05/2019",71.94,250121.72199992999,22402.14199999,2463558.89999976
"23/05/2019",68.37,214979.9999999,23102.227999990002,2455898.46399975
"24/05/2019",67.98,203847.08199988,20759.31799993,2448157.28799973
"27/05/2019",67.98,292194.69399989,23009.42599995,2251987.70999972
"28/05/2019",70.19,296688.45199984,23077.75799998,2350910.12799974
"29/05/2019",70.64,278213.10799984,22208.29399996,2407872.86399975
"30/05/2019",69.55,319700.12399984,21589.80599999,2394240.68199972
"31/05/2019",66.78,274799.44599986,21852.24399995,2423308.85399971
"01/06/2019",63.16,235597.53399985,22907.86599996,2256539.64599968
"03/06/2019",63.16,300478.80799987,21875.03199998,2345769.45599973
"04/06/2019",63.56,251655.31199989,22141.60399993,2420682.26999977
"05/06/2019",62.14,358324.22399986,24384.82799994,2247943.98599978
"06/06/2019",62.77,395952.33599989,21870.81999996,2200231.92799975
"07/06/2019",64.1,338169.40199987,21855.95799996,2257409.95199977
"10/06/2019",64.31,357811.76399987,20974.98199996,2191340.15599971
"11/06/2019",63.56,342929.46799987,19405.45999999,2312196.48599976
"12/06/2019",61.66,324446.36399993,17638.07399996,2350129.16199979
"13/06/2019",63.28,330695.41399986,18647.90199994,2337629.59599973
"14/06/2019",63.13,374836.5199999,19975.63599997,2339568.84999982
"17/06/2019",62.56,291454.06999986,18767.29999997,2252024.17599964
"18/06/2019",63.35,300302.35999988,18729.91599998,2294540.68399973
"19/06/2019",62.85,353173.91399986,23090.43199995,2270971.77199975
"20/06/2019",65.44,380224.75199987,22950.391999980002,1934380.14199977
"21/06/2019",65.99,439313.63399987,23150.63799995,1975463.30399978
"24/06/2019",65.16,311668.97399984,22377.69799997,2089596.95199974
"25/06/2019",66.24,356812.02199989,21395.58199999,2173132.6459998
"26/06/2019",66.85,361779.13199993,20989.55599998,2218548.55599974
"27/06/2019",66.78,361574.68999991,20243.94799998,2241979.93799982
"28/06/2019",67.52,393057.11199985,23495.56199997,2211226.50999975
"01/07/2019",65.1,321511.32999987,23329.37999995,2111990.82999972
"02/07/2019",62.72,239495.48399983,23364.10799999,2232577.57599975
"03/07/2019",63.53,213761.75399991,21500.684,2281380.40999967
"04/07/2019",63.62,247556.36799975001,21728.05599998,2249632.94599973
"05/07/2019",64.23,284306.5579999,22269.90199997,2216606.46199978
"08/07/2019",64.89,378655.78999989,20211.54199998,1852818.12399971
"09/07/2019",64.3,320647.51599987,22311.20999997,1888711.19599975
"10/07/2019",66.41,297843.21399987,23239.98999997,2027002.59399976
"11/07/2019",67.64,320261.56599986,22138.85199995,2014671.8519997399
"12/07/2019",66.65,313621.14399984,24295.77799998,2004094.91599972
"15/07/2019",66.86,294799.60199988,23570.09999995,1996555.04599976
"16/07/2019",65.87,269272.1139999,24008.29199996,2061715.69199969
"17/07/2019",63.67,308364.04199988,23767.07999998,2004094.93799976
"18/07/2019",60.7,442504.37799985,23966.63599996,1885254.1699997599
"19/07/2019",61.04,405093.33599985,23018.46199996,1920547.10999972
"22/07/2019",61.96,374527.61999988003,19340.03999996,1917248.53599971
"23/07/2019",62.28,348670.38599987,22846.57199999,1973471.05799977
"24/07/2019",63.83,346718.43199989997,21670.03999997,1993512.14199976
"25/07/2019",63.47,430979.51599982,21674.85399998,1932759.3099997
"26/07/2019",62.46,434761.01199991,23907.03599996,1928150.27399968
"29/07/2019",62.29,392103.83999989,21989.59199996,1879256.74199974
"30/07/2019",62.55,346131.57799987,23864.05799997,1956929.39199968
"31/07/2019",64.07,291506.31999984,24680.86399998,2026377.68999977
"01/08/2019",62.9,368833.1759998,25442.57799996,1960761.30199972
"02/08/2019",61.12,400032.21599987,24487.72599995,1941042.9399997501
"05/08/2019",59.32,455679.62799981,20230.07199994,1795272.5359997
"06/08/2019",58.63,432721.30199984,17965.57399994,1858178.41199973
"07/08/2019",55.03,396948.45599986997,22892.51199998,1885154.22399972
"08/08/2019",56.29,422635.9099999,26600.40399995,1877836.79599982
"09/08/2019",57.37,414439.33399984,27255.48999998,1942188.98199976
"12/08/2019",57.13,417600.19199991,26997.26399997,1947258.26199976
"13/08/2019",59.9,429107.54399984,26961.90199996,1981866.40799979
"14/08/2019",57.86,366571.81199979,26905.51199996,1974655.87799981
"15/08/2019",57.37,455316.40799985,24805.96599997,1821994.73399976
"16/08/2019",59.0,444921.11599987,27198.28799999,1832371.33199967
"19/08/2019",59.79,335382.8079998,23953.16199999,1919492.64199974
"20/08/2019",59.03,368393.40999986,24202.777999949998,1929449.31199975
"21/08/2019",60.6,357158.2519999,26888.56599996,1948301.4599997
"22/08/2019",59.81,388387.89399989,27089.27799995,1889991.4419997
"23/08/2019",58.64,372924.79199986,25405.95199995,1885647.92599972
"26/08/2019",58.64,464344.82399984,25647.11199999,1774115.7059996899
"27/08/2019",58.44,421982.38399985,23821.82999996,1898800.35599962
"28/08/2019",60.42,433226.29599981,27027.95999997,1868087.61599972
"29/08/2019",60.59,429151.62999985,27973.54399996,1877799.33999974
"30/08/2019",61.04,428259.55999983,27661.70199996,1908806.5499996701
"02/09/2019",58.55,345878.87799986,25244.03999997,2037932.67599966
"03/09/2019",57.93,393708.45999993,25782.94599996,2056966.68399975
"04/09/2019",60.68,396770.75999989,26903.09199994,2034269.47399969
"05/09/2019",62.7,390965.08199986,29324.88399995,1989962.93799971
"06/09/2019",61.28,512530.79199982,27485.07999999,1789800.96799972
"09/09/2019",63.99,420714.79799988,29332.88599997,2012061.34399979
"10/09/2019",64.67,405301.83399981,28466.36199997,2165481.01199959
"11/09/2019",63.02,424760.17799981,29562.61199994,2211241.36399966
"12/09/2019",60.76,370295.5779999,28513.73799995,2260263.12599971
"13/09/2019",61.25,327615.23999984,30617.43999993,2202062.58599963
"16/09/2019",68.42,435613.87799988,30471.64799995,2105603.00599961
"17/09/2019",65.59,356334.23799982,31566.66799998,2265661.12999962
"18/09/2019",64.29,333711.31799989,29031.50399997,2305302.26999968
"19/09/2019",64.25,403708.27799989,29445.92799993,2202273.5979997
"20/09/2019",65.23,396093.74999991,28316.13399999,2189135.78399975
"23/09/2019",64.66,429022.39599984,29531.65399993,1899868.78599967
"24/09/2019",64.13,434261.08999987,29882.37399995,1972231.42999971
"25/09/2019",62.41,390644.96199987,26887.20399996,2039031.13799972
"26/09/2019",62.08,367235.67199985,25276.86999995,2039366.80799977
"27/09/2019",62.48,311042.20799982,27421.50599993,2061030.33799973
"30/09/2019",60.99,338383.48399984,28878.12199997,1962256.66599973
"01/10/2019",60.06,427470.10199981,29193.59199999,2080018.36799976
"02/10/2019",57.92,403913.90599984,29437.75599996,2196012.45199966
"03/10/2019",58.01,435328.01399985,29832.8799999,2117357.03999963
"04/10/2019",59.13,449337.98999991,29756.92399995,2075710.7319996299
"07/10/2019",59.46,369323.00399985,27258.15399993,2006615.11999959
"08/10/2019",58.14,417770.72599988,25087.15999996,1975356.5639997
"09/10/2019",59.7,433650.97799982,29133.68999994,1953380.84799963
"10/10/2019",59.08,465911.42999987997,29803.82199997,1965231.91799968
"11/10/2019",60.59,469098.17399987,28394.46999996,2017260.3619997
"14/10/2019",58.81,401442.6339999,27634.24399994,2186490.25199969
"15/10/2019",59.19,411770.23999983,30699.78599994,2113713.68399974
"16/10/2019",59.3,467113.28999989,28346.68599994,2074572.28999966
"17/10/2019",59.35,462157.9799999,31155.67799996,2158335.54999968
"18/10/2019",59.96,359701.57799984,30782.68199998,2264668.49399964
"21/10/2019",58.95,184222.72599986,17349.08599997,2182215.2739997
"22/10/2019",60.5,119568.82999992,18070.61799998,2334556.4979997
"23/10/2019",60.52,121190.48399987,24746.50399995,2343836.17399975
"24/10/2019",61.71,328172.68199985,21018.81199996,2163989.51799973
"25/10/2019",62.06,405671.16999991,29642.7559999,2159821.77199974
"28/10/2019",60.39,459588.21399989,28124.87799995,2052549.24799972
"29/10/2019",61.05,434712.68599992,29145.173999939998,2213558.46599971
"30/10/2019",60.22,425175.23599989,31833.35999997,2297164.10199974
"31/10/2019",59.3,407139.29199989,32527.86999998,2294585.08599977
"01/11/2019",60.17,378494.29799986,30107.05599995,2206811.00199976
"04/11/2019",62.52,314036.13999986,27331.18199997,2361091.71999963
"05/11/2019",62.72,326798.35199985,27245.69199998,2389803.08999964
"06/11/2019",62.11,340027.02599983,29227.77599996,2253561.28399975
"07/11/2019",62.6,379414.39999988,29399.76599994,2178784.01199972
"08/11/2019",62.0,379084.99999987,29587.49999995,2182077.31599964
"11/11/2019",62.58,434576.55799988,29178.641999929998,2119919.30999971
"12/11/2019",62.19,477715.72799986997,30649.42199993,2094345.18999968
"13/11/2019",62.27,438592.68999985,29266.75999997,2135535.99399978
"14/11/2019",62.46,381219.38199985,29327.09199997,2155546.34199968
"15/11/2019",63.32,273293.19199988,29160.74799992,1847051.68199975
"18/11/2019",62.82,275661.99999986,22345.84799995,2079451.10599979
"19/11/2019",62.37,372251.24799987,26883.35999991,2110096.2739997
"20/11/2019",63.8,378809.40199989,27449.09999995,2058795.82999968
"21/11/2019",64.99,398332.40999987,26645.72599995,2170787.17999978
"22/11/2019",64.83,315467.32999986,29773.09199994,2271077.29599972
"25/11/2019",64.67,258731.01599988,23546.59599994,2165771.38999971
"26/11/2019",64.82,332619.51599988,23662.41799995,2218020.17199971
"27/11/2019",65.03,331887.63199989,25276.85799995,2269325.28199964
"28/11/2019",64.68,292107.45799989,24924.52999994,2278825.44399962
"29/11/2019",64.5,288939.62199995,23221.10999996,2226952.65799964
"02/12/2019",63.2,182990.38599993,24933.51599993,2374966.5379997
"03/12/2019",62.95,214895.01599986,23216.34799995,2370530.07199965
"04/12/2019",65.25,326418.18399988,24063.90399998,2342303.76999966
"05/12/2019",65.67,282425.51999989,28962.09199994,2438570.91799969
"06/12/2019",66.5,181826.11999992,28630.89599993,2479300.40199975
"09/12/2019",66.44,271924.95599992,28286.77799996,2385032.64399968
"10/12/2019",66.57,254312.28799989,28314.87999998,2478415.70999968
"11/12/2019",65.37,258350.0459999,28113.31999999,2481018.65399978
"12/12/2019",66.67,312444.12599988,28041.53599993,2472857.25399971
"13/12/2019",67.44,362095.98999984,31039.58199994,2383131.84599972
"16/12/2019",68.04,366301.88199987,33746.99399991,2357303.56999973
"18/12/2019",69.12,385749.93399993,28592.93199994,2297593.74399978
"19/12/2019",69.7,444979.39999993,25655.41999997,2199470.54999975
"20/12/2019",68.66,430676.81799989,31056.12399997,2209663.43999963
"23/12/2019",67.49,351737.45799994003,28599.80199995,2088158.25999976
"24/12/2019",69.26,387858.91399987,26657.20199991,1875885.25999978
"26/12/2019",69.26,408851.71199988,25551.47199994,2120744.11599973
"27/12/2019",68.91,402629.83199991,30686.34199992,2214588.8179997
"30/12/2019",68.3,217638.4399999,27359.62399999,2235083.95199965
"31/12/2019",67.77,117176.54799988,23887.77399995,2182422.67799968
"02/01/2020",67.05,172732.91199988,18677.57199995,2257456.47599971
"03/01/2020",69.08,178082.52799989,21083.20599994,2234817.72399978
"06/01/2020",70.25,145809.6519999,21091.25599998,2418173.87399981
"07/01/2020",68.74,99034.33599983,23751.70999996,2625759.71999977
"08/01/2020",67.31,92228.86999991,22755.57599999,2669204.32599983
"09/01/2020",66.58,92784.27399989,23415.11799994,2715921.73199981
"10/01/2020",66.77,153248.87599988,29161.68799992,2666227.03199972
"13/01/2020",64.14,185149.48599985,32141.86199996,2644826.22999967
"14/01/2020",64.45,242740.54399989,33530.36199995,2638414.21999971
"15/01/2020",63.29,238787.89199992,31877.16799994,2736689.66999975
"16/01/2020",64.63,234925.34799982,32228.78199995,2799779.16799976
"17/01/2020",64.05,203301.93999982,28992.34199994,2634761.28199969
"20/01/2020",64.63,167260.06999988,27941.44199998,2520025.57799965
"21/01/2020",63.66,105630.06799991,20228.31199996,2661900.46599974
"22/01/2020",62.11,134079.99999989,16377.87999997,2580401.32999972
"23/01/2020",61.26,185574.06999989,12480.781999929999,2479346.09199972
"24/01/2020",59.34,152867.17599987,12989.21199995,2469125.87799977
"27/01/2020",58.54,154831.96599987,21746.57799996,2627342.11399968
"28/01/2020",59.37,128528.43799991,23030.45399993,2715908.36199966
"29/01/2020",59.46,230811.14999984,25993.77799995,2625973.3539997702
"30/01/2020",57.72,259983.83399989,29922.63999995,2614315.59799969
"31/01/2020",57.77,158879.95999986,28016.98,2725918.24599976
"03/02/2020",54.0,138040.06999987,24660.72399999,2781300.86199971
"04/02/2020",53.9,172900.08199988,18747.54199995,2782011.54199966
"05/02/2020",55.36,192907.01399986,19956.75199995,2776087.01799976
"06/02/2020",55.18,145020.79199979,15220.28799998,2836059.63599968
"07/02/2020",54.53,192904.35199983,17868.98799992,2766933.96599977
"10/02/2020",53.39,188591.94799987,27983.82399991,2688138.40399971
"11/02/2020",54.0,284869.53599987,26808.48199994,2551733.44799976
"12/02/2020",55.54,250077.78399982,27463.75199995,2599658.13799975
"13/02/2020",56.34,182074.5959999,26178.49399991,2694933.46399969
"14/02/2020",57.37,254438.40199988,30244.79199996,2674215.9939997
"17/02/2020",57.83,247462.77599986,27602.02799994,2890436.5199997
"18/02/2020",57.35,276313.76599988,30112.33599996,2960431.77599988
"19/02/2020",59.72,247688.62399986,27848.08599996,2944266.19399978
"20/02/2020",59.72,213942.37799985,26524.13399997,2934852.40599974
"21/02/2020",58.6,182736.46199987,25220.57399993,2862070.3079997
"24/02/2020",56.04,295415.73199981,25598.55599995,2250781.55799972
"25/02/2020",56.71,265451.62799984,27367.97599994,2339139.05199981
"26/02/2020",54.96,185845.66799985,25269.90799994,2683879.08399975
"27/02/2020",52.19,100306.48199983,27683.40199996,2806939.02199966
"28/02/2020",51.31,87153.95599992,20963.57599993,2764240.56399976
"02/03/2020",52.52,111665.30599986001,24732.67399997,2740226.6599997
"03/03/2020",52.24,88224.11199991,25444.80199994,2868032.57799975
"04/03/2020",51.86,72714.45599992,27051.03799997,2965905.87599971
"05/03/2020",51.29,42316.07599992,25084.88599993,3033023.85199979
"06/03/2020",45.6,53421.7499999,27175.07199999,2990234.52799973
"09/03/2020",35.33,122626.57799985001,28574.89999992,2869999.6379998
"10/03/2020",36.66,111960.98599981,27359.02399997,3011980.55199975
"11/03/2020",34.45,106899.18599993,26797.53599997,3005881.5759997
"12/03/2020",31.05,157272.33799991,26618.32799999,2951512.27199965
"13/03/2020",33.0,185491.19799983,28186.19199994,2882383.70399978
"16/03/2020",27.98,115389.02599989,27583.68199997,2864923.71599977
"17/03/2020",27.97,93389.34199985,33041.72599997,2904631.99799974
"18/03/2020",22.79,143271.03599985,28049.42199996,2908583.05999976
"19/03/2020",23.98,130931.91599985,27020.04199994,2847017.2199998
"20/03/2020",25.55,59398.56199985,24750.72399993,2829757.13999975
"23/03/2020",21.85,107217.91399991,24353.81999992,2454593.4139997098
"24/03/2020",24.5,155579.3059999,23474.47399993,2391548.5219997
"25/03/2020",25.62,116718.00799987,22522.67599996,2413537.23599974
"26/03/2020",23.55,156893.70599989,23879.01999998,2347386.18599976
"27/03/2020",22.39,312870.68399986,30026.61399995,2190632.9959998
"30/03/2020",19.19,253410.83399992,32063.46599996,2304319.43399972
"31/03/2020",14.85,312403.78999984,31414.79999994,2322976.79599974
"01/04/2020",14.97,325200.84599982,34436.01599994,2238184.21199964
"02/04/2020",20.24,260593.2939999,32875.40399994,2315937.95599972
"03/04/2020",24.33,187413.1299999,36148.28599993,2341654.85999971
"06/04/2020",22.58,247054.41799987,32999.47599993,2302535.71599979
"07/04/2020",22.1,254763.84199985,31743.61599999,2324520.01999972
"08/04/2020",25.22,205624.8839999,30784.51999995,2283984.60999961
"09/04/2020",20.23,145972.85599984,27493.34799992,2257613.12999973
"13/04/2020",20.23,188305.49799988,28175.23399995,2206157.34199977
"14/04/2020",21.74,167566.51999986,24177.19199996,2282013.89399975
"15/04/2020",19.8,129877.80799988,19207.42599995,2359422.00399977
"16/04/2020",18.69,182550.46999986,24196.56999997,2237336.23399976
"17/04/2020",19.75,167218.5199999,28632.66599995,2238970.86399984
"20/04/2020",17.36,199300.46599988,28631.537999969998,2085546.15199966
"21/04/2020",9.12,179431.35399991,26352.69399991,2045739.46199973
"22/04/2020",13.77,118990.9859999,23545.29999996,2299117.33799974
"23/04/2020",15.06,165547.75399986,24569.68399995,2264112.31799983
"24/04/2020",15.87,281473.5539999,31382.98199993,2137460.0019998
"27/04/2020",15.17,318291.07799989,31767.25999996,2059467.51399979
"28/04/2020",15.6,363733.91199985,35318.35999995,2054661.86999967
"29/04/2020",17.86,335787.87199988,34545.20999992,2113595.19599973
"30/04/2020",18.11,242627.81799987,34556.37799993,2209623.81999973
"01/05/2020",18.49,201351.39999983,32686.55799993,1967234.8799997
"04/05/2020",20.4,300561.93599986,32583.475999950002,2041150.14999963
"05/05/2020",25.46,368300.58599985,33687.57199995,2068696.99799974
"06/05/2020",24.2,324478.72199988,26818.92799997,2149311.49199963
"07/05/2020",24.23,187466.35599985,26537.91399996,2255943.67399961
"11/05/2020",25.53,292311.81399989,32720.19999993,2056605.87799965
"12/05/2020",26.67,317742.95999989,29879.38399995,2121975.15399976
"13/05/2020",27.89,271660.70599984,28374.53199996,2194686.99599973
"14/05/2020",29.87,253551.46199985,27132.02199996,2196147.60599966
"15/05/2020",30.95,187963.1139998,25304.57999996,2200050.28599973
"18/05/2020",33.3,270285.65999986,31503.89199993,2035018.66399977
"19/05/2020",33.06,363583.87999988,27922.063999949998,2011343.90199973
"20/05/2020",34.76,359485.41399986,27049.67599994,2054747.06599971
"21/05/2020",34.78,329581.43399986,27660.21199997,2101351.37799976
"22/05/2020",33.8,286053.10199986,26174.02199995,2165241.92799976
"25/05/2020",33.8,145131.1679999,29601.97599996,2104760.99599973
"26/05/2020",33.95,104361.07999989,24972.54999992,2217566.6699997
"27/05/2020",32.73,66167.71399992,27151.20999993,2272738.13399968
"28/05/2020",33.98,212122.82799993,29241.58399995,2064889.5119997
"29/05/2020",34.15,313925.74399981,30198.71999998,1942915.38799961
"01/06/2020",36.74,190465.44399982,31295.48999997,2085370.2139998
"02/06/2020",37.72,157704.74999986,27209.006,2222138.5799998
"03/06/2020",37.98,240022.36399987,27620.77999997,2184941.84799977
"04/06/2020",38.41,321586.40599988,29449.409999980002,2150211.49199978
"05/06/2020",41.0,361332.36199988,29265.95799997,2091531.46199982
"08/06/2020",39.66,230078.49999983,29344.03399997,2154224.68199968
"09/06/2020",40.45,213072.66599987,31965.75199996,2226491.06599971
"10/06/2020",41.18,243157.85199987,31499.12599996,2199936.09599981
"11/06/2020",37.76,319817.65399983,29346.98599993,1911066.44399985
"12/06/2020",38.54,364651.46599989,32705.673999950002,1935800.36399979
"15/06/2020",39.44,342686.01399989,31984.80399994,1947178.04199966
"16/06/2020",40.75,413676.84999988,26422.88799996,1941537.00599972
"17/06/2020",40.47,443091.55799986,24498.99199994,1908526.2259997
"18/06/2020",41.75,395602.94599984,30680.15399995,1949766.4059997
"19/06/2020",42.33,347016.93799986,31484.99399993,2040609.95799968
"22/06/2020",43.2,336122.81799987,30776.21599995,2111848.25199973
"23/06/2020",42.72,392426.79999984,26487.74399997,2076861.9459998
"24/06/2020",40.4,375925.01199982,32509.61799995,2077431.43599969
"25/06/2020",41.18,354116.69599986,27166.90199998,2149654.68199973
"26/06/2020",40.97,326890.37599983,29006.88999998,2175867.11999973
"29/06/2020",41.58,400059.34399988,32343.80399996,2078454.62999971
"30/06/2020",41.64,329537.86399989,31620.34599998,2135527.98599978
"01/07/2020",42.18,265021.95799992,32676.102,2205484.23199976
"02/07/2020",43.19,250428.01999992,33413.74999995,2297690.74999976
"03/07/2020",42.92,286060.48599989,31264.68199994,2212040.3739997
"06/07/2020",42.73,270452.09199991,26593.70399995,2208074.88999975
"07/07/2020",43.28,304465.36799987,28589.56399999,2252357.30399974
"08/07/2020",43.67,271783.36999981,31369.11799992,2306293.16999977
"09/07/2020",42.35,300367.95999988,28055.45399995,2275084.17399966
"10/07/2020",43.27,378176.29399989,26719.55399999,2162451.45599967
"13/07/2020",42.85,346956.60999988,31662.43199996,2197070.25399976
"14/07/2020",42.97,316507.99599994,31134.92799996,2299307.77799972
"15/07/2020",43.96,356004.75799984,31890.48799993,2244296.67999967
"16/07/2020",43.71,436407.73199989,30897.90999997,2150364.6759997
"17/07/2020",43.53,393763.99999988,31287.59999999,2162801.9419997
"20/07/2020",43.3,386400.00999986,28492.04199995,2106499.84199972
"21/07/2020",44.31,377663.88999987,27870.30399998,2210343.51999971
"22/07/2020",43.98,385272.51399992,30202.621999940002,2211476.77199973
"23/07/2020",42.96,416126.27999989,32588.00999993,2200535.89199968
"24/07/2020",43.29,431483.68999986,32456.48999995,2186910.41799968
"27/07/2020",43.39,388052.56799988,29733.46399995,2168618.89599971
"28/07/2020",43.11,429145.09199986,33339.29399997,2226660.7499997
"29/07/2020",43.51,380432.88599987,29965.033999940002,2260739.16599965
"30/07/2020",42.98,410169.13199988,33422.30799996,2179631.20399974
"31/07/2020",43.13,454077.54999982,31743.53999998,2107241.3659996702
"03/08/2020",43.76,433563.67799987,32882.64799997,2032788.48199965
"04/08/2020",43.99,455231.5459999,32630.15799995,2101711.28199976
"05/08/2020",44.92,486543.49199986,28273.92999991,2073150.40999972
"06/08/2020",45.04,487678.47199987,29322.46799998,2067453.6639998
"07/08/2020",44.07,469893.99399985,28257.81199994,2092993.22599979
"10/08/2020",44.19,460197.80399989,31663.06399996,2080561.76399971
"11/08/2020",43.68,425730.21999989,32635.61399994,2217747.40999969
"12/08/2020",45.09,447801.34199989,32986.30199996,2233740.4899998
"13/08/2020",44.87,435904.75199976,29630.56799995,2261918.85799964
"14/08/2020",44.86,451196.10799985,34274.97999996,2259622.38199969
"17/08/2020",44.91,450523.70399987,30346.899999960002,2185022.84399971
"18/08/2020",45.34,431908.3839998,32971.97999994,2257362.78799962
"19/08/2020",45.21,376390.7779999,33442.67999996,2356031.0879996
"20/08/2020",44.56,327433.08999989,31840.831999949998,2367609.41799966
"21/08/2020",43.94,355215.83399985,27512.35199994,2262252.80599972
"24/08/2020",44.43,417062.09999989,31598.49199993,2073790.30999977
"25/08/2020",46.01,357727.84799984,34910.55999996,2216194.00199966
"26/08/2020",45.79,400025.43599985,35275.52799997,2212796.31999973
"27/08/2020",44.84,449116.44199984,35366.93599997,2225583.03799973
"28/08/2020",45.22,439636.65199986997,36248.09399993,2270862.20399965
"01/09/2020",45.72,487338.24799984,33999.88199993,2264318.42799969
"02/09/2020",42.7,478782.08599993,35663.95599995,2264894.08399971
"03/09/2020",42.72,453973.98799985,33297.04799994,2285500.77999968
"04/09/2020",41.1,399461.10799986,36314.44599994,2332897.62199971
"07/09/2020",40.67,416290.36599982,36880.62399995,1958142.50199974
"08/09/2020",38.53,482251.93399987003,34050.03799997,2271326.25599975
"09/09/2020",39.98,459384.20799984,36839.35199997,2397155.7639997
"10/09/2020",39.27,407234.80999989,35795.849999930004,2491525.81799973
"11/09/2020",38.8,459334.47399987,35748.91999994,2423010.78999974
"12/09/2020",38.57,480124.05799986003,36806.09399995,2166386.02399967
"13/09/2020",39.54,469037.0839999,31861.56199994,1905750.4799997
"14/09/2020",38.57,440283.71199991,30828.10199995,2371247.27599965
"15/09/2020",39.54,459554.05199982,34027.23199993,2299325.7679996
"16/09/2020",41.23,463538.54799982,31885.955999949998,2367542.06599975
"17/09/2020",42.35,410610.99799992,34694.42599996,2493158.96599971
"18/09/2020",42.16,359970.64599986,33611.16799997,2510481.09199967
"19/09/2020",40.37,373725.97799987,30973.06599997,2274861.42799977
"21/09/2020",40.37,376428.8919999,29771.157999940002,2313241.96399971
"22/09/2020",40.84,385195.93599985,27593.22999996,2326443.36999967
"23/09/2020",41.09,452581.55999981,25405.99999999,2253562.86799966
"24/09/2020",41.24,440260.0439998,30192.73199997,2297829.50799972
"25/09/2020",40.91,415956.51799987,35373.52999995,2361397.16999971
"28/09/2020",41.59,379542.43799983,33385.411999949996,2475967.01799969
"29/09/2020",40.33,397018.60799991,34823.77999995,2516173.47599969
"30/09/2020",40.3,465772.37999983,33812.22999996,2528077.29399964
"01/10/2020",39.75,463872.00599984,34609.63999996,2535698.10999963
"02/10/2020",38.0,477465.5579999,35622.54999997,2510559.01599967
"05/10/2020",39.78,498016.2899999,33819.27999998,2354921.45999976
"06/10/2020",41.27,426536.99999989,34030.97399996,2463733.0719997
"07/10/2020",40.62,316782.87799987,33921.41999993,2532367.58199971
"08/10/2020",42.0,268983.4579999,32618.02399992,2535152.91599968
"09/10/2020",41.63,234092.71199983,28318.8199999,2500651.28799966
"12/10/2020",40.5,329129.72199985,29808.88799998,1850489.38399974
"13/10/2020",41.34,405108.84018153,33587.88397773,2254698.67569298
"14/10/2020",41.81,372151.31599986,34365.78199997,2341057.88799971
"15/10/2020",41.61,360890.02199989,33945.83799997,2263728.70999974
"16/10/2020",41.34,414521.57199992,34511.50999993,2192276.38599967
"19/10/2020",41.29,431967.25999987,22735.03199993,2031422.19999966
"20/10/2020",41.62,450202.57599985,24438.34599998,2118243.88199975
"21/10/2020",40.09,416876.65999987,32397.52199994,2152763.51799969
"22/10/2020",41.28,425279.01199982,26269.17999999,2097673.75399971
"23/10/2020",40.71,424873.13999986,25016.94199996,2018283.5839997
"26/10/2020",39.06,228774.24599987,26022.27999998,2065119.8439997
"27/10/2020",39.72,214462.54399981,24119.18799995,2149720.97599965
"28/10/2020",37.86,244261.0259999,27832.43199997,2193417.41599968
"29/10/2020",36.56,344950.78799983,25003.62399997,2142367.32999974
"30/10/2020",36.33,353099.85599981,19957.30799995,2024088.78399979
"02/11/2020",37.78,182989.04799985,22170.80399996,1651074.82799973
"03/11/2020",38.17,205622.02199986,21309.09199996,1936658.81999964
"04/11/2020",39.68,197577.75799988,20851.84399996,1995763.75199969
"05/11/2020",39.47,272854.68199978,28424.46199996,1950920.58599971
"06/11/2020",38.08,361490.99999985,26581.04399992,1959289.45399973
"09/11/2020",40.93,397874.28174673,33095.18009251,1991045.9300123
"10/11/2020",42.25,409402.0739999,31033.88999998,2021384.73799971
"11/11/2020",42.5,386666.43799979,31135.64399991,2072638.11999976
"12/11/2020",42.16,344403.18759705,32205.77990042,2049496.36942444
"13/11/2020",41.51,338765.74999987,26117.48199994,2113427.88199975
"16/11/2020",42.71,289778.14199983,26887.65799997,2109042.36399973
"17/11/2020",42.54,240308.04799982,25798.46999997,2171256.88399977
"18/11/2020",42.91,235979.14599987,22455.668,2085245.82399978
"19/11/2020",43.09,231982.84199984,18180.11599993,2040349.58999975
"20/11/2020",43.79,146277.42599992,24750.35399995,1970302.54999969
"23/11/2020",45.0,411201.1059999,27219.40199995,1954396.8599997
"24/11/2020",46.63,448993.09999989,27382.91399996,2057283.99799972
"25/11/2020",47.3,438466.31599991,31164.54999996,2244198.23599971
"26/11/2020",46.32,424385.43399986,26280.73599998,2263178.14199968
"27/11/2020",46.88,472844.00799986,27916.101999950002,2169787.06599966
"30/11/2020",46.84,384514.79599982,32081.11999992,2197974.23199971
"01/12/2020",47.03,377399.88399987,27202.24599997,2222141.49999973
"02/12/2020",47.8,389205.30399989,30965.70399994,2217461.45799966
"03/12/2020",48.37,332342.31999985,27409.70599995,2306367.87799975
"04/12/2020",49.1,337415.75799988,29791.027999949998,2254851.30599976
"07/12/2020",48.63,376000.99999984,22653.75999993,2037130.14999961
"08/12/2020",48.84,313781.13599985,25392.94599994,2149174.97399962
"09/12/2020",48.81,242454.28199989,24154.813999949998,2245245.72399959
"10/12/2020",50.33,274821.47799989,24823.66399997,2251863.56999977
"11/12/2020",50.01,380209.98399991,24317.71399997,2222113.14999971
"14/12/2020",50.27,337458.68799986,34165.16399995,2218249.05999969
"18/12/2020",52.17,347480.20199987,31858.52999996,2385568.67799976
"21/12/2020",50.61,323345.28799985,27283.71799997,2246806.21399968
"22/12/2020",49.88,284138.83999989,25524.76199997,2230829.39999969
"23/12/2020",51.05,273490.69599982,23604.73999994,2180911.80399972
"24/12/2020",50.88,340737.82999986,27366.51399996,1941200.2739997
"28/12/2020",50.88,457463.99799989,34328.93999992,2014068.81999969
"29/12/2020",50.44,395048.0699999,32907.82599997,2118474.6839997
"30/12/2020",50.74,357332.67199986,30046.82599993,2159147.90599963
"31/12/2020",51.22,382368.60999984003,28469.29799997,1904181.2099997
"04/01/2021",50.37,374022.75999988,27286.59999996,2026395.75599976
"05/01/2021",53.16,418211.10599987,31866.96399997,2098704.71199978
"06/01/2021",53.8,351946.71399991,33246.91599994,2248239.60999971
"07/01/2021",53.7,317634.0859999,30040.59799995,2325746.4459997998
"08/01/2021",55.51,314391.43399987,30997.65999992,2316617.02199969
"11/01/2021",54.84,190870.13399987,28121.78999993,2492531.09199973
"12/01/2021",55.98,174662.30599991,24746.98999998,2487691.65399979
"13/01/2021",55.52,209471.12799985,24906.99799993,2398682.05199977
"14/01/2021",55.76,338338.63399989,26129.89599998,2211224.81399974
"15/01/2021",54.8,390045.0059999,29112.68399999,2140807.53599966
"18/01/2021",54.21,360423.23599984,34278.76799996,2168885.3439997802
"19/01/2021",55.38,345823.41199986,31639.19399995,2182319.75199978
"20/01/2021",55.66,356525.80599992,29426.76399996,2223305.93199973
"21/01/2021",55.68,414286.66999991,32600.14599994,2219725.05599976
"22/01/2021",55.22,458122.99399988,33146.89799995,2207617.47799972
"25/01/2021",55.44,394331.52199987,31491.88799995,2363828.23199968
"26/01/2021",55.26,381396.68999978,33170.17399995,2503887.27399969
"27/01/2021",55.07,364033.80399988,34119.74399998,2570052.25999973
"28/01/2021",54.87,356218.86999986,32813.47399998,2616603.06799975
"29/01/2021",55.25,344292.57599988,30707.37999995,2626155.9579996997
"01/02/2021",56.42,383470.10399991,30300.33799996,2573564.22799971
"02/02/2021",57.62,317040.89999989,30903.97799993,2684770.37599968
"03/02/2021",58.61,338168.89799984,33141.91199998,2679131.27999968
"04/02/2021",58.98,332970.96199992,29733.51999996,2672221.71799969
"05/02/2021",59.48,305254.81399984,30129.78799998,2554592.34199971
"08/02/2021",60.17,192082.5639999,23825.48199996,2411463.32999969
"09/02/2021",60.74,170142.13999988,26497.82199994,2470368.31399968
"10/02/2021",61.17,289546.79799989,29285.88399995,2370452.06999969
"11/02/2021",61.09,415604.47999988,26797.47799995,2324103.00999969
"12/02/2021",62.47,387514.46399983,28005.85399995,2337649.29399974
"15/02/2021",63.58,175431.32399989,24122.67199996,2513675.35799961
"16/02/2021",63.96,79276.7979999,22597.79399995,2585081.69799976
"17/02/2021",65.02,106269.25599989,21049.56999993,2595219.84199975
"18/02/2021",64.09,144063.01599984,24024.16599995,2598798.46599971
"19/02/2021",62.84,126071.30199986,25516.14599995,2659222.62399972
"22/02/2021",64.73,323697.35799985,31966.36799994,2588338.93999972
"23/02/2021",65.16,187292.0739999,28726.63799994,2762530.60799969
"24/02/2021",66.85,169563.0879999,28155.27199996,2793494.29199973
"25/02/2021",66.69,209679.07399984,26805.36999996,2708266.05199973
"26/02/2021",65.86,219942.47799987,20300.43799994,2679568.05999977
"01/03/2021",64.56,371554.91199985,29717.54999995,2507925.47999971
"02/03/2021",63.17,381317.83799985,32715.93799993,2573572.70199976
"03/03/2021",64.7,362994.42999984,36793.32399991,2648140.30799981
"04/03/2021",67.32,347329.62599985,37017.677999960004,2664024.46399982
"05/03/2021",69.95,307740.90399985,37384.08799991,2653527.7379996898
"08/03/2021",68.0,177647.25999989,32286.45199994,2719501.9079997
"09/03/2021",67.03,199598.11799989,30266.10999995,2735792.45399981
"10/03/2021",67.53,196438.13999984,29393.75599994,2737098.9559997
"11/03/2021",69.34,247148.41799989,33970.831999969996,2741608.65799974
"12/03/2021",68.87,271535.20999984,37774.44799999,2745149.30799973
"15/03/2021",68.78,253942.07399985,38392.01199995,2773880.81999971
"16/03/2021",67.95,267050.33399983,35429.83199997,2829131.73399976
"17/03/2021",67.73,308420.92999986,37616.19399994,2763798.57999967
"18/03/2021",62.11,262581.77199987,31958.33799996,2769928.72999969
"19/03/2021",64.0,320198.90399987,33363.57599998,2675076.11399972
"22/03/2021",63.89,255078.39199994,39812.78599997,2767307.05399967
"23/03/2021",59.96,271689.33799981,38969.79399995,2795763.52399968
"24/03/2021",63.7,322934.74799987,41383.64399997,2718159.2839997
"25/03/2021",61.21,309162.22599986,37687.48199996,2749655.12799974
"26/03/2021",63.77,245109.42999983,34169.21999995,2812976.75199967
"29/03/2021",64.06,149555.95799989,38978.81599998,2812356.55399969
"30/03/2021",63.28,199048.02399987,38266.81799996,2739215.68999973
"31/03/2021",63.52,192704.65599986,36310.90199998,2636267.39999976
"01/04/2021",63.85,204624.33199987,34257.00399994,2520043.16799977
"05/04/2021",63.85,443796.56999982,40081.60399996,2354516.28199978
"06/04/2021",61.47,368414.05999983,40557.07399997,2475777.42399984
"07/04/2021",61.86,446533.08999988,39173.93399995,2379836.70599971
"08/04/2021",62.09,527048.81199984,39841.87399994,2278033.25599971
"09/04/2021",61.89,480533.63599988,34405.51399994,2362563.73599971
"12/04/2021",62.38,279319.58799987,38490.92399996,2527848.57199972
"13/04/2021",62.83,248661.66799984,40098.92799993,2579756.97399975
"14/04/2021",66.11,274497.84999984,33763.94199995,2526155.19799978
"15/04/2021",66.13,400551.43399984,38961.00999998,2405969.69199972
"16/04/2021",65.98,354905.26399981,40890.29199997,2448026.01799973
"19/04/2021",66.54,168684.47399988,24207.47799994,2530865.97399977
"20/04/2021",65.34,115890.01799983,36373.05999999,2545635.0719997
"21/04/2021",64.02,129463.09999985,35224.58199995,2347391.07799975
"22/04/2021",65.07,130701.78999983,33001.74199995,2516730.79399971
"23/04/2021",65.75,200084.5999998,35314.46399995,2444747.2659997502
"26/04/2021",65.5,330985.77599988,41283.71399994,2351208.28599962
"27/04/2021",66.25,307088.84199984,37119.46799997,2438937.15599963
"28/04/2021",67.08,267742.70199992,42255.52999999,2442450.21399969
"29/04/2021",68.26,302378.08799986,38693.15999996,2400749.88599983
"30/04/2021",67.73,405490.33888716,35635.04609865,2251326.25837077
"05/05/2021",69.71,227342.53399983,36319.07599997,2452344.00199965
"06/05/2021",68.62,303329.11999986,34671.43999997,2364909.49399979
"07/05/2021",68.73,247800.62199988,37641.59799997,2406636.07399974
"10/05/2021",68.61,405840.16799987,38301.37399994,2243781.36199976
"11/05/2021",68.83,375471.81999985,40492.18999996,2252735.80199973
"12/05/2021",69.62,304036.46599987,37876.31599994,2323737.2259998
"13/05/2021",67.36,256401.7919999,34509.26999996,2329282.05399979
"14/05/2021",69.24,345055.19599987,35062.90599998,2241546.8219998
"17/05/2021",69.62,344371.02199985,36447.12199998,2205995.8759998
"18/05/2021",69.01,206843.00399986,36068.82799995,2323469.89999978
"19/05/2021",66.88,250832.95199989,39020.22599989,2252292.38599978
"20/05/2021",65.18,304476.03399985,42479.85999995,2218259.63999973
"21/05/2021",66.72,411284.98999981,41502.14999994,2198401.67999971
"24/05/2021",68.59,392949.56399986,42340.60599996,2150730.13799985
"25/05/2021",68.8,400803.48399984,42547.29799995,2168745.47799975
"26/05/2021",68.93,445575.37999979,37794.386,2166219.2339998
"27/05/2021",69.43,415834.48999987,42223.60999995,2206617.27799968
"28/05/2021",69.36,381480.90799987,40732.84599997,2252635.97799975
"01/06/2021",70.03,338604.83799991,38629.65199998,1997869.17999967
"02/06/2021",70.6,400504.37199987,38177.59799995,1959652.38999977
"03/06/2021",70.71,445928.87799988,39066.92599993,1811755.94399967
"04/06/2021",71.3,490409.68199982,41076.91799998,1869488.08599981
"07/06/2021",70.89,377818.04199987,35458.21399995,1963284.29199972
"08/06/2021",71.39,364083.31399975,34591.28199992,2008474.01199973
"09/06/2021",71.31,464844.83799985,36782.54999997,1926959.92199976
"10/06/2021",71.65,426311.35799988,37279.71199993,1974672.44399978
"11/06/2021",72.05,332331.27199992,35439.19599994,2050002.9999997
"14/06/2021",72.27,407311.23799986,39250.57999995,1917679.06999974
"15/06/2021",73.38,340132.11799994,38596.77799992,1981832.52999979
"16/06/2021",73.88,290040.40599987,39274.65799999,2045357.24199978
"17/06/2021",72.92,395823.76199987,40623.16599995,1952419.01399976
"18/06/2021",73.1,418292.78599989,38071.94799997,1920682.88599978
"21/06/2021",74.49,333166.7039999,38674.38599996,1950927.80199975
"22/06/2021",74.92,414134.46599989,40062.49199996,1951372.98599976
"23/06/2021",75.22,504813.03999986,38290.803999949996,1832572.06999973
"24/06/2021",75.95,482603.36999987,38746.31399997,1827218.2139998
"25/06/2021",76.45,428084.08999985,39914.63999996,1897987.0699996501
"28/06/2021",74.78,459503.70599987,42848.898,1778207.81399978
"29/06/2021",75.38,408216.26999981,40457.21399997,1834406.18399973
"30/06/2021",76.94,304445.62199989,39868.45399995,1876110.48999976
"01/07/2021",76.69,470820.39799991,38229.61799998,1721189.58599978
"02/07/2021",77.51,504141.76199987,37281.47199995,1699509.02199974
"05/07/2021",78.34,425520.06599986,42830.95199994,1706232.70999979
"06/07/2021",75.81,472364.7779999,41485.26399993,1719438.40199977
"07/07/2021",74.31,460442.89999987,40493.95199997,1754646.49999973
"08/07/2021",75.07,442475.43199984,37577.13399997,1784732.90999976
"09/07/2021",77.14,468425.01199986,39813.55999995,1661442.33399973
"12/07/2021",76.77,558154.92399989,27140.20599995,1705663.23399973
"13/07/2021",77.5,512033.93199985,40057.81999994,1805900.04599972
"14/07/2021",75.74,530649.51399985,39601.35999998,1828361.59599973
"15/07/2021",74.53,473110.20599986,41471.039999939996,1878210.92799974
"16/07/2021",74.46,347487.04799984,42843.55199996,1936690.9719997
"19/07/2021",69.33,440715.75399983,45747.54199996,1671324.2819997
"20/07/2021",70.03,519328.72999983,43400.35799997,1679095.43399973
"21/07/2021",72.54,573923.39399993,39744.671999930004,1685647.99399974
"22/07/2021",74.25,590348.72799987,29960.46599995,1687354.82599964
"23/07/2021",74.86,575989.58399989,27986.68999995,1672047.0719998
"26/07/2021",74.79,531270.68199989,40577.22199993,1647779.56599978
"27/07/2021",74.87,457602.02599976,42663.92599995,1817540.92799976
"28/07/2021",75.09,409264.14399984,40926.72399996,1871214.54599971
"29/07/2021",76.3,327349.35399985,43941.92399997,1881299.22999975
"30/07/2021",77.72,508441.70799986,44721.42799995,1663918.07999973
"02/08/2021",73.91,462400.59399988997,46845.45199995,1593860.95199974
"03/08/2021",73.24,394596.5419999,45303.09399996,1754537.75199976
"04/08/2021",70.99,482008.02799986,45204.23199995,1677473.31399975
"05/08/2021",72.14,545469.13199983,37192.23999995,1617684.96399975
"06/08/2021",71.02,628626.37199985,27270.03199994,1573296.10999975
"09/08/2021",69.65,488272.81199986,41246.25199995,1649189.43599974
"10/08/2021",71.14,535936.27599986,45201.42399995,1698177.37799971
"11/08/2021",71.99,479707.86399991,38860.56799995,1772263.42799971
"12/08/2021",71.79,512333.95999989,42959.77599997,1739045.26399968
"13/08/2021",70.9,543190.93999982,42100.84599995,1697315.15999983
"16/08/2021",70.07,489734.37599989,39800.26199994,1584270.15599974
"17/08/2021",69.4,541038.27199994,44479.93199996,1665377.89799973
"18/08/2021",68.61,624271.52999985,37620.34199995,1651236.26999975
"19/08/2021",66.8,602246.06399986,39357.783999960004,1623115.12199969
"20/08/2021",65.51,576925.62599983,38434.17799993,1670542.76199979
"23/08/2021",69.07,517875.83399987,47883.13399998,1733052.6799997499
"24/08/2021",71.21,593377.40399992,31763.45199997,1822303.77999966
"25/08/2021",72.12,580546.50199986,33900.60599994,1880071.89399968
"26/08/2021",70.42,586991.79399983,39643.63799996,1767590.1319997201
"27/08/2021",72.26,563530.72599985,42381.74799997,1716333.98799971
"31/08/2021",73.45,596075.14399989,44388.8339999,1641902.76599968
"01/09/2021",71.99,605835.68799987,42486.53999998,1648322.3739997
"02/09/2021",73.56,560690.36399984,50706.94199994,1675709.16999973
"03/09/2021",73.07,548624.25199985,59377.11999994,1781235.3019997
"06/09/2021",72.43,521868.86399982,55895.29799993,1614525.76799978
"07/09/2021",71.52,636674.13199984,55162.29399996,1420268.45199966
"08/09/2021",72.36,603355.08799985,52097.63799995,1811142.38999974
"09/09/2021",71.32,541803.54599988,48220.01399994,1894605.02799966
"10/09/2021",72.44,477320.54599985003,50045.11999995,1912228.61399976
"13/09/2021",72.97,557745.49399986,54921.11599989,1844187.71799974
"14/09/2021",73.05,496627.13399985,54837.80799994,1989047.63599973
"15/09/2021",74.84,505351.59799982,55707.26399995,1889842.16999975
"16/09/2021",75.14,555329.02399984,54457.55799995,1749202.20799974
"17/09/2021",74.64,634063.00999985,54564.91399997,1604507.89999979
"20/09/2021",73.59,544475.86199989,49678.31999996,1829157.98599972
"21/09/2021",73.65,468868.70999989,57028.70799994,2038767.16599973
"22/09/2021",75.5,336787.48199982,55013.44399993,2002826.67599973
"23/09/2021",76.44,538603.94999988,52624.36999998,1705328.15399974
"24/09/2021",77.42,590233.29199989,53333.72399995,1628713.11599967
"27/09/2021",78.85,547797.16799984,56035.60399992,1755460.74599965
"28/09/2021",78.3,593974.46199985,56240.18199996,1850212.97399968
"29/09/2021",77.86,522308.49199987,53927.53799992,1958006.17399974
"30/09/2021",77.81,463448.85399985,54815.76999988,1972575.9319998
"01/10/2021",79.4,500083.57006435,55912.51318419,1862929.68130827
"04/10/2021",81.44,549584.31018153,55965.7888206,1789486.57210898
"05/10/2021",82.72,505908.31172381,64345.24302,1845333.07188827
"06/10/2021",81.39,583149.94517473,61947.85696559,1807247.90263628
"07/10/2021",82.34,461652.46793927,59071.19801657,1892159.46195666
"08/10/2021",82.17,473898.08451884,60253.476961730004,1828314.24211684
"11/10/2021",83.75,398705.99259694,43099.78045146,1583398.4832857
"12/10/2021",83.53,410359.92399001,49293.44369095,1435441.4335055
"13/10/2021",83.53,487168.93320809,48024.555446880004,1731968.43618617
"14/10/2021",83.86,481533.82227888,45512.54913251,1807679.25763827
"15/10/2021",84.67,543029.2645056,53169.71886748,1791615.68120957
"18/10/2021",84.13,470060.59806432,46441.35355862,1712451.46674083
"19/10/2021",85.02,338921.89116718,46332.25214228,1817175.38733558
"20/10/2021",85.76,282420.97771581,45687.27137801,1818807.38735901
"21/10/2021",84.58,235570.64047998,39340.04444032,1855489.75702796
"22/10/2021",85.43,255627.16353494002,45591.9799794,1906053.67637853
"25/10/2021",84.85,540440.06400112,60093.64005985,1589356.6773785201
"26/10/2021",85.11,574544.70803408,55400.32755175,1711286.0937057
"27/10/2021",84.12,575014.7963069,59236.02929521,1768530.39257974
"28/10/2021",83.4,581839.34253896,63206.85852609,1835839.26017345
"29/10/2021",83.1,571655.60328445,58158.99195597,1836179.27635213
"01/11/2021",84.51,471653.74199985,42023.27799995,1742186.52599975
"02/11/2021",84.42,346592.39999985,44664.75199993,1636781.40599976
"03/11/2021",81.1,264516.1519999,51979.70599994,2061052.50799972
"04/11/2021",80.15,252525.86799988,45804.59799996,2163249.97599971
"05/11/2021",82.43,214813.58599991,48324.94599992,2180505.14999973
"08/11/2021",83.22,292732.08999981,46307.6659999,1985622.37799961
"09/11/2021",84.52,425059.99999983,48188.72599994,1882182.16999962
"10/11/2021",82.91,407706.08199985,51624.87199996,1879131.72999969
"11/11/2021",83.4,473842.72199982,55373.79799999,1764278.93599979
"12/11/2021",82.9,460499.26599988,60667.76999992,1788281.17599976
"15/11/2021",81.94,495603.63399986,46370.17599999,1749480.1539998
"16/11/2021",82.85,536979.42999988,57915.30599989,2056337.83799977
"17/11/2021",80.67,562364.83999987,62215.50399993,2124339.69999976
"18/11/2021",82.45,522278.18399979,52735.27999995,2131538.03399971
"19/11/2021",80.24,526358.17799981,57324.90999996,2069147.32599974
"22/11/2021",80.97,439488.59199983,59859.00399992,2088849.1539998
"23/11/2021",83.43,379327.73399986,54473.06399998,2261760.84199969
"24/11/2021",82.37,357544.66599985,64361.80999996,2303703.35199979
"25/11/2021",82.05,501085.97199983,62642.47799995,2214814.93599973
"26/11/2021",72.37,450066.36599981,62003.73599993,2228038.57399977
"29/11/2021",73.34,346422.3519998,46691.79599996,2317691.10199964
"30/11/2021",70.86,311900.48999989,53154.07399996,2396683.23799969
"01/12/2021",69.53,291468.55221425,58138.15634841,2383952.16671647
"02/12/2021",70.56,307063.02799987,52303.70399993,2335017.61799971
"03/12/2021",70.71,360885.80999984,49282.08399996,2249787.53999976
"06/12/2021",73.38,496640.67999985,55283.26199998,2127564.52199977
"07/12/2021",75.54,408243.20046355,52858.65985791,2170035.25473209
"08/12/2021",75.94,416406.36599987,46588.46199997,2096824.67199979
"09/12/2021",74.1,351219.54999985,53775.36599993,2246747.02399972
"10/12/2021",74.98,380559.88799988,50764.297999970004,2271762.45999966
"13/12/2021",74.12,460618.49399984,55057.0539999,2320615.68399978
"14/12/2021",73.37,468531.3759998,55685.08799994,2412058.96599975
"15/12/2021",73.71,499594.32799989,52227.96799994,2442381.3779997
"16/12/2021",74.64,522008.18799988,58375.89799993,2413578.40199974
"17/12/2021",72.97,484672.34199986,59352.30399994,2365722.16199975
"20/12/2021",70.51,335050.53399989,48520.14799996,2348473.6539997
"21/12/2021",72.85,305919.16999983997,43092.42199997,2530200.24999979
"22/12/2021",74.69,347004.94199983,51659.23199997,2501534.67399978
"23/12/2021",76.26,289292.30599991,42737.90599993,2424318.47199975
"24/12/2021",75.24,257458.44199981,39855.61399991,2299800.63999971
"27/12/2021",75.24,274998.56599987,42024.21399996,2443412.5179997
"29/12/2021",78.63,479777.33599984,47366.74599998,2285573.59199982
"30/12/2021",78.61,434527.71699988,52269.84799992,2245263.28399977
"31/12/2021",77.24,377892.89599981,38669.62199999,2092169.15199991
"03/01/2022",78.25,305864.19199986,43361.97999994,2540181.33599971
"04/01/2022",79.39,334279.36199987,45101.18199995,2548838.38199978
"05/01/2022",80.6,353669.25399983,53143.52799994,2519640.5339998202
"06/01/2022",81.99,254418.71999991,46821.69999995,2587459.2619997
"07/01/2022",82.28,274933.21399989,48457.46799992,2482772.65999975
"10/01/2022",81.56,291235.65199985,47936.70399993,2462820.12599978
"11/01/2022",84.98,252376.89999983,54720.305999950004,2563948.45999978
"12/01/2022",85.83,207776.33999992,51664.74599995,2655084.28199979
"13/01/2022",85.8,192734.29399988,57825.88999994,2694944.95799975
"14/01/2022",87.17,355133.89999988,65970.99799995,2603836.2779998
"17/01/2022",87.82,409384.70599984,55132.14599992,2557191.76199979
"18/01/2022",88.83,453752.22199983,53707.31399997,2594006.37199982
"19/01/2022",89.64,388398.67199983,64407.82799995,2655751.55199978
"20/01/2022",89.75,339002.0019999,57351.6159999,2750446.74599982
"21/01/2022",89.75,325742.19599983003,61183.92199994,2814447.76199966
"24/01/2022",87.74,292817.36399986,60297.87599995,2843296.78199978
"25/01/2022",89.49,261867.55599987,56531.85399995,2941500.91399976
"26/01/2022",91.22,409789.66199989,47650.88399994,2772803.67399974
"27/01/2022",90.7,266987.83399981,46632.85799997,2833728.26199973
"28/01/2022",91.47,150875.80199983,47925.46599997,2827390.80799969
"31/01/2022",92.35,396402.09599987,53792.79599995,2508261.16799978
"01/02/2022",90.24,336192.53199992,62558.78399994,2663971.50799975
"02/02/2022",91.43,321963.48199988,60076.16199991,2719643.34199972
"03/02/2022",92.99,363376.10199981,66560.70799994,2726694.68399976
"04/02/2022",96.86,367311.96999990003,62792.01799993,2750874.7859997
"07/02/2022",97.28,295766.36799991,54096.15999992,2804766.33799977
"08/02/2022",96.07,322275.76799986,56629.46799996,2771388.29599971
"09/02/2022",94.95,287156.57599986,57297.79599994,2777268.1519997
"10/02/2022",96.37,258506.13999992,53876.83799996,2827094.1479997598
"11/02/2022",97.5,277654.64599992,54107.21599993,2852234.18199983
"14/02/2022",101.66,291683.55999985,55539.2979999,2899160.33599979
"15/02/2022",98.43,303043.53275852,60258.13433257,2918609.23387273
"16/02/2022",97.44,252221.42199981,58134.74399994,3032822.79199976
"17/02/2022",95.28,165675.16599988,56510.76999996,3088314.41799977
"18/02/2022",96.18,238039.32399988,48342.72199995,2909630.21399966
"21/02/2022",98.95,352288.79399978,59708.05999988,2775684.08199977
"22/02/2022",98.73,421910.1819999,63576.72599989,2813298.52999974
"23/02/2022",99.29,384850.45599987,67120.48199994,2868750.80399979
"24/02/2022",101.29,440929.09399989,66883.56999993,2806633.37799973
"25/02/2022",98.56,464967.87999988,61197.32799993,2809166.00799977
"28/02/2022",103.08,483334.89799987,59437.02399991,2607885.00199974
"01/03/2022",110.93,475099.17999986,57561.94599994,2591023.24599982
"02/03/2022",118.94,387741.19799987,51898.31599997,2893961.28999971
"03/03/2022",115.36,400474.19799982,58249.69599996,2949131.00599975
"04/03/2022",123.86,356141.5759999,61135.07399995,2965311.0059997602
"07/03/2022",129.02,384878.92399988003,58907.92199994,2893287.25799969
"08/03/2022",133.18,397445.40599988,59827.61999991,2971507.38599975
"09/03/2022",116.58,415054.30199984,62274.479999920004,2964863.2379997
"10/03/2022",114.54,452736.48599989,63386.04399993,2939362.04199974
"11/03/2022",118.11,396270.92599987,54527.74599995,2928447.44199974
"14/03/2022",110.39,236765.34599988,55190.5739999,2945117.40399979
"15/03/2022",105.14,243395.08999993,52621.17399993,2970987.78199977
"16/03/2022",104.61,230602.7439999,41894.61399997,2996304.15399976
"17/03/2022",113.5,268992.47399981,53381.18599996,3004550.40599972
"18/03/2022",114.32,435927.50399985,64210.88799993,2893926.5019998
"21/03/2022",122.29,396649.95199987,60928.54399993,2608561.25599981
"22/03/2022",121.53,419682.75599987,59868.63599993,2645494.0499998
"23/03/2022",127.52,411140.87199982,61054.97799992,2766254.65999981
"24/03/2022",123.98,321913.71799987,58217.24999994,2890342.39999974
"25/03/2022",122.67,349222.62999986,61043.83799996,2868290.28599976
"28/03/2022",114.5,421845.68599988,51983.26799996,2743458.8679997902
"29/03/2022",112.79,401010.49199986,61406.8119999,2820295.00199968
"30/03/2022",115.59,382292.89399985,64958.43799991,2888961.05199973
"31/03/2022",107.29,293179.73599982,59010.45799995,2905662.37799973
"01/04/2022",106.13,295059.56199986,53404.33399996,2786971.0959998
"04/04/2022",108.15,405832.48399985,43771.05599993,2736745.1999997
"05/04/2022",106.6,323558.62599982,61228.119999919996,2875128.12799966
"06/04/2022",100.81,320228.63399981,62978.04999991,2892408.29599972
"07/04/2022",99.83,370687.71399986,63707.77199994,2831158.0039997
"08/04/2022",101.26,348082.25999982,58437.57999994,2866637.36999978
"11/04/2022",97.92,261720.33599982,53494.36799994,2926791.26999979
"12/04/2022",104.42,247492.57999980001,56063.35599993,2990688.89399977
"13/04/2022",108.49,168852.36799983,56824.41999988,3083384.42199982
"14/04/2022",110.83,136134.23199994,56859.60399988,2985386.20199972
"18/04/2022",110.83,317637.44399990997,52844.57399998,2561611.52999983
"19/04/2022",105.49,362624.12599988,60507.25199993,2615927.14799981
"20/04/2022",105.05,400971.36799988,64940.27799996,2592612.1519997
"21/04/2022",107.2,379288.10799987003,60478.91999998,2438020.85999985
"22/04/2022",105.15,343757.64399989,58514.44399996,2609139.83599971
"25/04/2022",99.27,509968.5399998,63549.94799989,2541055.33599981
"26/04/2022",102.89,554676.9979999,62790.12999996,2614066.85999971
"27/04/2022",103.3,463915.55599988,63593.31399997,2745402.08999976
"28/04/2022",105.78,468061.3599999,58917.17599987,2771581.05999979
"29/04/2022",108.36,436582.02599988,61678.56999994,2733960.06199969
"02/05/2022",108.36,442451.93599987,60629.98799993,2568359.06599967
"03/05/2022",104.94,453342.47599987,59554.03199993,2642003.14399981
"04/05/2022",110.53,419825.86799988,53517.45199996,2626692.56599974
"05/05/2022",112.11,364767.68399988,53513.93999994,2610575.19399974
"06/05/2022",113.86,422588.36199985,56823.41599993,2462468.07399975
"09/05/2022",106.67,432956.19399985,55158.9399999,2356574.01599974
"10/05/2022",102.61,319075.30799989,54418.08799989,2572749.82799972
"11/05/2022",107.7,340973.86999987,49491.66199989,2651398.13199981
"12/05/2022",108.06,309325.76999985,55863.9879999,2664981.57399967
"13/05/2022",112.12,404153.18199985,55512.57799997,2550119.7639998
"16/05/2022",114.86,388016.52999986,49858.90399995,2559017.07799975
"17/05/2022",112.89,315113.40799984,52728.77799991,2645916.25799978
"18/05/2022",110.04,242676.64999986,53918.10599995,2636439.3419997
"19/05/2022",113.22,171324.57599988,60026.30399985,2596979.70599962
"20/05/2022",113.63,139368.35999988,53935.28199994,2579206.41999966
"23/05/2022",115.13,433414.78099985997,55099.85999997,2312219.6119997
"24/05/2022",115.77,390793.33199987997,52812.21799996,2462097.57199974
"25/05/2022",116.41,400775.37399992,50317.719999939996,2466089.36999975
"26/05/2022",119.81,581743.35799987,49851.00399994,2339610.5299997
"27/05/2022",121.19,526197.20399983,57322.94199991,2399080.5779997
"30/05/2022",123.01,335981.45302121,56886.34986226,2502776.09853678
"31/05/2022",125.53,330123.33974725,50216.628005369996,2612877.50070862
"01/06/2022",122.2,391855.61875132,51889.15051192,2507143.03833365
"03/06/2022",125.68,278922.47343981,51018.98601707,2578883.42122815
"06/06/2022",124.99,437247.86203231,59190.32414545,2233505.525404
"07/06/2022",126.89,286748.7406126,60575.03592131,2478493.30731998
"08/06/2022",129.2,242782.03190095,55792.32598056,2595733.28838541
"09/06/2022",128.47,333800.78042016,53896.91998065,2525479.90783364
"10/06/2022",127.44,438250.51407782,54453.60801816,2392715.47867053
"13/06/2022",128.44,339216.08481645,55752.00373157,2354310.47764712
"14/06/2022",127.02,520499.00713158003,58558.98427988,2232522.84238635
"15/06/2022",124.96,437997.61826047,50349.95821085,2369295.96737463
"16/06/2022",125.78,373458.20020619,58188.248101,2200303.78875155
"17/06/2022",119.22,348648.84192771,57966.5720165,2350009.09509534
"20/06/2022",118.25,468294.03994197,54813.4840963,2327268.43506409
"21/06/2022",118.51,534938.31285897,51817.93787652,2349251.55973789
"22/06/2022",115.54,466483.28680955,48355.75386023,2392272.08606214
"23/06/2022",114.5,436227.54943225,52189.480066129996,2420408.77396254
"24/06/2022",117.36,507824.60172743,49425.11397858,2302448.64275351
"27/06/2022",119.69,497131.13259469,61288.35417337,2196286.06171448
"28/06/2022",122.21,457226.22203427,58301.65988549,2311364.41476331
"29/06/2022",120.8,360689.01101268,57188.52227781,2434296.12047628
"30/06/2022",119.78,383535.74769144,62298.75007782,2416290.66456605
"01/07/2022",119.21,464185.46304282,56474.62574532,2355858.54121643
"04/07/2022",121.8,523946.51685011,54714.93571073,2221654.90073005
"05/07/2022",110.49,557675.73225106,56028.36428642,2259653.35258358
"06/07/2022",108.54,556228.55135591,60334.78570365,2293461.84309536
"07/07/2022",113.4,531326.77200555,53393.97194579,2335804.66054264
"08/07/2022",113.95,592141.11044531,62084.28979579,2281016.34109531
"11/07/2022",114.85,576233.82064961,61533.74242696,2212720.00541753
"12/07/2022",106.98,512008.41663842,64357.20608958,2395281.05390197
"13/07/2022",107.17,562973.64522822,57530.35804016,2350907.16012462
"14/07/2022",107.74,595144.62881181,62626.52999985,2331175.51820669
"15/07/2022",112.26,516533.57075621,62032.93373286,2390937.13367347
"18/07/2022",117.27,564031.36380853,63844.86837373,2251888.59711874
"19/07/2022",114.96,568504.22219369,60535.63599051,2354441.59287467
"20/07/2022",115.86,566843.13884954,68981.64184517,2326295.87796447
"21/07/2022",112.81,457375.49093539,60576.15772143,2435161.95387659
"22/07/2022",106.77,476861.9190098,62172.47194353,2419908.09216565
"25/07/2022",108.23,609375.6367415,71143.68754999,2156727.44889999
"26/07/2022",107.32,543251.55144723,68517.51402297,2334512.13782389
"27/07/2022",109.64,507765.70942509,70700.4163838,2355387.36837268
"28/07/2022",109.68,483138.59936449,72582.56592014,2315530.45556213
"29/07/2022",111.51,415173.66173774,70527.75798031,2365246.56440001
"01/08/2022",106.09,625172.32981272,68132.75629617,2090180.01849766
"02/08/2022",106.51,473476.26660562,59868.13012817,2360834.49187266
"03/08/2022",101.82,441448.89830999,59011.27353415,2425912.42530823
"04/08/2022",97.99,485566.08438188,53994.19813377,2394916.23165198
"05/08/2022",100.31,484230.39025969,63562.7720039,2352655.77689226
"08/08/2022",103.46,576896.76598671,67231.08968013,2180965.66029842
"09/08/2022",103.81,567857.07844361,68036.13425028,2342266.93848204
"10/08/2022",105.06,452601.25120712,73233.09593911,2396112.22698988
"11/08/2022",107.19,383347.5526573,70011.43597112,2364348.88582384
"12/08/2022",103.7,596571.76506442,70728.40803265,2100605.14770664
"15/08/2022",98.25,685617.81097118,74989.89412745,1956285.01061484
"16/08/2022",95.36,658502.48817843,75621.71237229,2187519.10548983
"17/08/2022",97.22,697431.01452935,70600.30772009,2209608.13116177
"18/08/2022",96.35,659902.53666729,72528.04570874,2304994.02569497
"19/08/2022",96.45,581423.47832472,80988.29186454,2247663.87249971
"22/08/2022",95.06,601626.00972273,75949.42417857,2075227.78653092
"23/08/2022",99.49,623573.90001999,71693.4037978,2126145.21564223
"24/08/2022",99.87,634068.87448205,71583.4657517,2157511.42511095
"25/08/2022",98.81,680804.00139735,70146.24178126,2126327.94929457
"26/08/2022",101.13,681125.30431724,75966.35792667,2160482.8285973
"30/08/2022",99.34,728848.29217883,77234.89183797,2069938.26510315
"31/08/2022",96.55,723347.40339336,78809.78424108,2051045.6200816701
"01/09/2022",92.24,685896.73406224,84902.99204872,2070844.77018323
"02/09/2022",93.09,708983.29314681,82829.18631076,2094954.65907778
"05/09/2022",94.22,738283.94101611,84649.52800579,1965281.42118129
"06/09/2022",91.43,763764.01435443,78862.11620299,2047597.9228902601
"07/09/2022",86.83,685660.36528828,81810.71412655,1873682.83374766
"08/09/2022",87.99,707984.62166862,83453.18385195,2110549.50173202
"09/09/2022",91.68,620514.60348997,85757.00199673,2239873.91554258
"12/09/2022",93.45,663343.33192372,84724.64377488,2162090.81515585
"13/09/2022",92.04,648055.26474403,89107.37411348001,2266355.24924378
"14/09/2022",92.83,514761.43062881,81970.52003184,2449563.32681802
"15/09/2022",89.28,568444.14850832,80573.9698864,2356652.78204261
"16/09/2022",89.43,599571.68075173,80282.05774891,2251792.27445079
"19/09/2022",89.43,622966.44008575,76373.13789363,2140243.77123012
"20/09/2022",89.62,632534.07438124,77738.9040933,2256411.51971837
"21/09/2022",89.86,532667.52766487,66584.88799565,2469032.35926918
"22/09/2022",90.4,461199.75128288,64531.60023398,2569686.72510708
"23/09/2022",84.29,400055.42180838,76931.43984636,2473817.4006597702
"26/09/2022",82.55,612847.76090479,82182.49607332,2164078.15117146
"27/09/2022",85.97,603320.91400745,82696.21565204,2308828.24060513
"28/09/2022",89.55,640673.05306987,86891.21007334,2292292.75792936
"29/09/2022",89.41,569224.66429849,90548.09464994,2267131.36979063
"30/09/2022",88.9,706110.07413957,82180.83813904,2070261.22830431
"03/10/2022",90.68,566388.94222549,85380.65876392,2131726.42066954
"04/10/2022",93.74,531648.35997702,84098.48976539,2261088.4918727
"05/10/2022",94.35,626885.64681461,83241.12968723,2172176.8843824402
"06/10/2022",95.65,587349.78779849,86749.26815546,2326317.0343571003
"07/10/2022",98.88,548682.70304996,77184.14366831,2380121.30814611
"10/10/2022",97.13,644455.79601704,80035.19780103001,2178730.62149964
"11/10/2022",95.17,766646.19576333,92467.34582815,2179453.03942738
"12/10/2022",93.44,679706.31711128,92825.00795715,1896644.32830628
"13/10/2022",95.16,684889.29594892,98561.01175958,2219270.30187855
"14/10/2022",92.22,718548.35855897,101953.6001314,2222039.94685315
"17/10/2022",91.04,740885.40411042,98503.56396834001,2079094.62057001
"18/10/2022",89.46,738871.1249127,94392.35187693,2222887.24655824
"19/10/2022",91.34,714328.85893943,93398.05821977,2274858.46175937
"20/10/2022",91.52,667927.71794494,95332.22612516,2355333.94948698
"21/10/2022",91.82,681217.63282612,93278.18999047,2364121.9043453
"24/10/2022",91.57,501111.42348648,63539.44764823,2329813.87467345
"25/10/2022",91.76,515558.25611248,71638.4156985,2360653.86737265
"26/10/2022",92.93,426983.06543127,76638.23195656,2495932.62069685
"27/10/2022",94.17,598374.66342817,82766.95391929,2401042.08545663
"28/10/2022",94.64,619322.16375627,93145.56014638,2406264.55329654
"31/10/2022",93.3,478404.96027009,82619.4540074,2537739.49429066
"01/11/2022",95.12,394076.25344549,75676.81955064,2494734.221154
"02/11/2022",96.07,295570.65782539,65922.89209096,2121385.35768716
"03/11/2022",95.29,361529.87891885,62987.14396135,2286290.12008168
"04/11/2022",99.53,258732.50034115,48793.27027514,2436955.804902
"07/11/2022",99.87,520584.60617575,84080.528402,2161651.1899
"08/11/2022",96.85,498070.80838105,84090.35744232,2284571.3420719
"09/11/2022",93.05,406382.84276986,82222.87840834,2449080.27713636
"10/11/2022",94.25,483289.64102321,82934.92574033,2530010.95805044
"11/11/2022",96.37,462478.67950109,78854.8862118,2614961.31766761
"14/11/2022",93.59,494998.96185849,71564.04006619,2348964.6193493
"15/11/2022",94.3,445730.47751839,85654.02204262,2237648.80705236
"16/11/2022",92.61,445312.52829237,73403.18375268,2536943.72591958
"17/11/2022",91.0,467492.30172638,85778.29990336,2537596.51303287
"18/11/2022",88.93,374721.08912140003,91094.40602627,2655700.89917155
"21/11/2022",88.44,583367.90208098,99902.34205205,2519916.7267458
"22/11/2022",88.65,601688.83754109,96266.07748361,2594436.69616763
"23/11/2022",85.9,534147.57752859,81152.50798467,2664434.0183239
"24/11/2022",85.59,408021.82892474,80735.31992951,2614420.26549774
"25/11/2022",83.4,357268.04977897,68368.32821875,2710282.05523994
"28/11/2022",83.5,256161.6226814,69513.30210649999,2709480.9501442
"29/11/2022",83.22,283055.20958541,70660.24591701,2837380.83074775
"30/11/2022",85.61,255551.31055003,71203.87589149999,2842798.13482389
"01/12/2022",86.28,365543.8152043,76431.48195328,2739371.93416765
"02/12/2022",86.54,514495.57695498,76186.05601142,2562668.07310903
"05/12/2022",83.36,569254.19350441,87096.88989595001,2392694.72774574
"06/12/2022",79.92,477185.41000968,82857.37799208,2644224.4022184
"07/12/2022",77.11,530569.48258592,93889.24388387,2648051.61019892
"08/12/2022",76.02,407984.96345924,93219.2636624,2787941.97035124
"09/12/2022",76.37,351276.90777314,84344.52179342,2827458.37354656
"12/12/2022",78.0,347510.63207024,83463.00801734,2978115.62347624
"13/12/2022",80.14,268594.6566282,84379.2844581,2927956.8829411
"14/12/2022",83.33,285770.61333515,78888.16209783,2801480.17542544
"15/12/2022",82.34,324250.65557251,68078.57811791,2796071.44267935
"16/12/2022",80.2,354557.79143116,79489.1822595,2784964.47830436
"19/12/2022",81.66,429102.91416824,77867.89244774,2499606.51381217
"20/12/2022",79.45,334056.33318316,91354.15959179,2601476.2262809
"21/12/2022",80.25,271400.64122061,79461.68169785,2633660.9170309
"22/12/2022",79.58,288279.61924189,73246.78200797,2589319.29246059
"23/12/2022",82.45,223603.05525846,64210.32995971,2616944.30773791
"27/12/2022",82.45,568311.67009414,85055.6676226,2312802.04672814
"28/12/2022",81.7,609112.02395876,103829.75815934,2264650.11193131
"29/12/2022",80.96,510646.32850374,97327.16257163,2328053.7742301202
"30/12/2022",82.82,625689.68569683,96412.8840658,2148249.30980821
"02/01/2023",82.82,452406.91110011,91402.9561641,2383872.41744887
"03/01/2023",80.36,396769.13790784,70664.78214297,2609982.76588252
"04/01/2023",75.31,399220.30755975,76540.6082183,2603594.89875355
"05/01/2023",76.73,400875.60895421,75688.09817033,2560416.7927281302
"06/01/2023",76.41,335829.97244795,75374.51605113,2598064.47281604
"09/01/2023",77.5,461933.63706949,93028.65760036,2458500.96971255
"10/01/2023",78.4,485630.46819304,89214.16408925,2574520.0202769903
"11/01/2023",81.11,407874.69027134,88749.86818168999,2749742.04834344
"12/01/2023",82.59,447162.63996636,93770.56200763,2788847.01010321
"13/01/2023",83.43,472761.09147179,94885.98430086,2769891.28635713
"16/01/2023",82.65,460900.71189597,92313.6303531,2775983.38345279
"17/01/2023",84.38,530403.31565878,97268.19191115,2807782.37920869
"18/01/2023",83.78,524231.00938805,96156.62980637,2763715.19965594
"19/01/2023",85.08,373904.05503088,78790.51988676,2907220.90117159
"20/01/2023",86.96,257819.5836326,72723.57166129,2979307.02620672
"23/01/2023",87.96,183722.53836302,82574.10813294,3074445.3478747
"24/01/2023",85.25,248491.41460906,89963.71797183,3040796.48516372
"25/01/2023",85.08,292241.96777624,91069.68861559,3021782.31566766
"26/01/2023",86.29,266578.4504911,79409.81168596,3106932.85871061
"27/01/2023",85.36,368943.58928489,99006.67012259,3003509.89726529
"30/01/2023",84.9,479177.3520226,96123.2758786,2786862.42489027
"31/01/2023",83.42,557004.65715088,103341.6576075,2814407.14985711
"01/02/2023",81.61,574217.39099273,97538.30208759,2827672.40390401
"02/02/2023",80.57,471777.94192659,96228.98433314,2980149.23723406
"03/02/2023",78.85,456036.15983989,90448.35393794,2959062.58999183
"06/02/2023",80.48,300795.61929723,92596.68001869,3101329.70849188
"07/02/2023",82.92,450906.15058981,98488.87040669999,2998448.07606216
"08/02/2023",84.17,503192.55715491,101935.50213190001,2957576.2324547702
"09/02/2023",83.46,460739.84730747,105546.9759349,3042547.72772235
"10/02/2023",85.46,594858.26105787,105098.19418307,2908492.12430244
"13/02/2023",85.98,606876.68991018,103184.71386282,2846054.09067739
"14/02/2023",84.96,571222.68959033,104778.04151613,2984756.25756804
"15/02/2023",84.11,447584.93487323,94525.3578523,3077160.7899724
"16/02/2023",83.84,314861.82591443,83015.92015185,3214928.66488058
"17/02/2023",81.97,401517.07569598,82063.20792666,3029009.42089033
"20/02/2023",82.79,483296.8357652,75633.90822384,2455959.70178286
"21/02/2023",82.14,697662.71452994,93607.38783836,2236988.98323399
"22/02/2023",79.55,487022.32776029,97021.37795525,2733725.46825749
"23/02/2023",82.08,362881.07544963,92981.35420209,3030070.47274579
"24/02/2023",82.31,323957.34165589,85380.89591849,3012316.79497236
"27/02/2023",81.24,589364.58062297,103083.1737748,2738028.87598792
"28/02/2023",83.21,584154.00507485,100271.53183093,2816465.82448016
"01/03/2023",83.68,592703.43819982,97094.06782358,2794986.81815591
"02/03/2023",84.15,568257.5029738,87909.03243187,2889003.86734931
"03/03/2023",85.74,487785.55713116,90615.67776783,3003469.39250948
"06/03/2023",85.86,511675.10051808,94103.29382751,2843121.36686103
"07/03/2023",83.03,609636.00675332,90826.46594244,2816870.16873991
"08/03/2023",82.1,576432.16555678,90163.97581028,2898908.69199383
"09/03/2023",81.0,572251.22733431,91251.80595888,2947357.68608762
"10/03/2023",82.3,515739.47483077,94785.83226601,2981137.97306022
"13/03/2023",79.67,454585.91682369,78115.41352909,2962695.68694696
"14/03/2023",76.77,332157.28630204,65437.43771899,3138240.47193327
"15/03/2023",74.3,268485.93010324,70418.13393292,3190364.72310714
"16/03/2023",73.12,185975.62788424,82180.49027244,3227236.01656807
"17/03/2023",71.03,250560.43240179,86539.40005883,3128745.38946262
"20/03/2023",72.42,233028.63425944,77679.44393684,3189352.81666761
"21/03/2023",74.78,166225.51738372,84750.83224767,3310866.03479856
"22/03/2023",76.08,314540.37814738,91885.15446217,3120961.03555441
"23/03/2023",74.31,567144.68229542,99866.34582078,2853152.46686297
"24/03/2023",73.63,372630.97063242,109578.29367242,3066058.74497625
"27/03/2023",76.8,312588.11397444,93183.52173980999,2976203.59873405
"28/03/2023",78.07,381095.48461991,101421.75642048,2915415.32606214
"29/03/2023",77.51,400816.13607728,105119.09562993,2994931.68904067
"30/03/2023",78.45,433281.78033593,105368.68769508,2930916.85009536
"31/03/2023",79.19,426892.06059584,113582.12356631,2893381.71315398
"03/04/2023",85.81,182253.3758925,78015.60819183,2956756.11852315
"04/04/2023",85.7,286130.43979779,82418.10832204,2956043.56210904
"05/04/2023",85.89,409271.72893844004,82183.68063608,2859691.19553391
"06/04/2023",86.56,432543.17635757,81611.89958185,2746590.24316865
"10/04/2023",86.56,263127.17207015,78544.2556197,2775183.10529263
"11/04/2023",87.32,366418.34382941,86757.42166615,2742344.88360322
"12/04/2023",88.31,444541.82889435,102542.37174839,2724876.39241564
"13/04/2023",86.51,502725.43109522003,104903.01031524,2700875.84225944
"14/04/2023",87.31,344833.12806177,91342.93809629,2870152.11127898
"17/04/2023",85.63,264394.8674623,102683.766577,2803752.73138445
"18/04/2023",85.48,163915.31336553,99510.90775769,2988855.57059735
"19/04/2023",85.34,173213.38478947,90870.02409686,2964813.69014422
"20/04/2023",83.29,134622.28070005,94064.14194364,2885515.93082
"21/04/2023",83.36,363714.95179347,83778.14602715,2199251.5905787502
"24/04/2023",84.23,521172.57618622,100110.6820076,2397649.4031715402
"25/04/2023",82.13,494616.92695513,101410.00398511,2559671.94812072
"26/04/2023",79.19,506028.07330648,101739.95411062,2634843.935529
"27/04/2023",80.11,228400.20212756,90776.05989192,2968872.14824185
"28/04/2023",81.32,143817.0625029,95583.45016718,2995411.04321648
"02/05/2023",76.71,212556.03188035,234600.14923389,2776668.17122819
"03/05/2023",72.91,331935.19233604,228483.32795613,2728155.49680237
"04/05/2023",73.0,386626.51212609,237868.72899012,2679433.91396055
"05/05/2023",75.85,542559.35120112,244660.12718878,2522618.74911685
"09/05/2023",77.76,416133.63026293,245528.29956682,2639842.22445474
"10/05/2023",76.7,452519.91529198,242301.38100755,2604383.78728675
"11/05/2023",75.32,267589.4253066,245406.2580947,2768864.68408754
"12/05/2023",74.54,159515.11979036,235146.75022661,2849617.99802308
"15/05/2023",75.46,433629.73636649,251168.16222841,2375061.15761296
"16/05/2023",75.15,412927.23827358,257283.29162530001,2411675.18311099
"17/05/2023",76.98,453138.04309046,251567.50392371,2389648.28411294
"18/05/2023",75.75,530199.76045409,244342.12976912,2325430.34167741
"19/05/2023",75.42,483751.02917929,249718.69167997,2353910.87789414
"22/05/2023",75.77,588278.50758219,224517.37260609,2234229.69606897
"23/05/2023",76.66,655326.41113536,235589.63987559,2237117.40856605
"24/05/2023",77.99,510672.9957065,235818.26769708,2373065.7382106
"25/05/2023",75.66,575570.31579656,231181.60239097,2347544.74787272
"26/05/2023",76.33,650495.71438966,228762.07648625,2271857.81984145
"30/05/2023",73.38,639506.18368211,219611.25749923,2372410.53264806
"31/05/2023",71.98,479709.27376954,217363.64105146,2518847.66378679
"01/06/2023",74.18,379834.61591831,240850.11434841,2515005.40080044
"02/06/2023",76.0,543994.39873495,261337.32048929,2261968.56251723
"05/06/2023",76.61,546812.03643189,257337.83450842,2116182.65331703
"06/06/2023",76.22,460002.16163798,260936.9035863,2246646.44758556
"07/06/2023",76.85,563688.29619303,250910.06891119,2151497.81080825
"08/06/2023",75.88,582296.82198571,231186.12976048,1886529.07508552
"09/06/2023",74.74,589461.77816611,249494.16944365,1967017.07410898
"12/06/2023",71.8,655445.34444362,225060.6227144,2137800.96442154
"13/06/2023",74.24,703478.1980940601,202211.3371977,2227272.70695666
"14/06/2023",73.39,508350.67830499,203691.66587982,2382053.56942347
"15/06/2023",75.75,471396.97046587,184595.35392369,2433340.35961686
"16/06/2023",76.76,544373.24681739,215006.63759569,2317279.3809176
"19/06/2023",76.09,596945.90220026,253587.61342009,2055461.31766758
"20/06/2023",75.79,663902.98077346,241694.00568961,2078781.2254782
"21/06/2023",76.92,665785.4421678201,231336.5023031,2110452.55827307
"22/06/2023",73.93,729542.52273848,236334.2551574,2088992.64914808
"23/06/2023",73.56,679927.87032997,234593.9975906,2103856.35746646
"26/06/2023",73.86,574344.95633924,244279.47367062,2134823.1482418
"27/06/2023",71.88,546328.07528782,250891.12963171,2239625.94097036
"28/06/2023",73.64,644586.61899376,254783.9456106,2176700.9728863603
"29/06/2023",73.86,534590.11563225,241690.87895039,2270000.06942345
"30/06/2023",74.51,629507.12857111,243320.16560049,2165215.6491481
"03/07/2023",74.52,505606.26971999,254918.66735573,2196877.69914421
"04/07/2023",76.23,827765.39727937,276117.86650212,1882766.72754846
"05/07/2023",76.74,807135.14530775,272577.43195475,1899095.33701526
"06/07/2023",76.72,612974.05351659,264940.50282341003,2069132.50412655
"07/07/2023",78.77,435772.65949791,246238.86735157,2307751.05520277
"08/07/2023",77.83,477377.69076435,243350.72041898,2060394.51461484
"10/07/2023",77.83,671503.55726602,241101.93679982,2066909.48640783
"11/07/2023",79.54,662297.53237293,263838.29070529,2182870.63413829
"12/07/2023",80.35,705590.62164573,270414.15817018,2169585.4021715
"13/07/2023",81.31,495473.51707862,257212.00436376,2316073.59765395
"14/07/2023",79.9,425702.08165193,272782.24739643,2282696.7937516
"15/07/2023",77.8,624169.25772134,253359.26635615,1791955.84636289
"17/07/2023",77.8,773911.81613459,264391.81153961,1926937.76927696
"18/07/2023",79.54,664799.90738455,264019.84174679,2113116.82188829
"19/07/2023",79.38,730975.24109532,258843.71808383,2077249.69004061
"20/07/2023",79.62,883069.01000155,251194.44955689,1928992.7047594201
"21/07/2023",81.06,811764.93961283,245378.47192519,1967869.90958948
"24/07/2023",82.53,763418.12339004,267730.11401916,1974444.94914417
"25/07/2023",83.46,690185.89439111,284762.54014086,2124706.61297816
"26/07/2023",82.98,762778.72826605,277014.2370593,2116455.65910119
"27/07/2023",84.28,700992.81101316,275596.31518321,2191693.35075743
"28/07/2023",84.49,694206.16092521,263079.12833653,2163697.52552112
"31/07/2023",85.22,745595.26421764,300210.51327952,1944921.5128355501
"01/08/2023",85.34,704708.26027108,305751.49447434,2068632.3092964601
"02/08/2023",84.01,737359.57035484,300371.31384501,2053660.62994106
"03/08/2023",86.19,722404.5574338901,296117.80448295,2111553.18355239
"04/08/2023",87.38,632963.95060852,315475.73609898,2171971.45527112
"07/08/2023",86.47,805835.02546611,299809.26731272,2011974.96239807
"08/08/2023",88.0,615626.14159389,297925.17169723,2242489.88731211
"09/08/2023",89.31,732215.58346597,271122.11433202,2126185.99409341
"10/08/2023",87.44,685850.026756,312349.7571345,2135130.55229653
"11/08/2023",87.93,702729.46201888,305040.08850315,2131090.13653285
"14/08/2023",87.4,796640.03838599,291816.92352724,1869840.91622815
"15/08/2023",86.28,556639.2081027899,242487.22196998,2117310.11379994
"16/08/2023",84.49,670970.21686294,255677.36397468,2155199.006441
"17/08/2023",85.24,667683.73509986,272581.1427868,2187289.42247231
"18/08/2023",85.92,630528.88685587,302125.30468245,2241641.88591758
"21/08/2023",85.44,610676.52237561,306881.79116756,2179503.1236969302
"22/08/2023",84.7,643233.35002507,319278.17055162997,2271526.80007585
"23/08/2023",83.94,526944.52642207,324616.56246282,2497944.60114225
"24/08/2023",84.07,571931.09318799,309736.22657833,2540759.0144743
"25/08/2023",85.42,481495.44618291,308174.55348547,2554968.10356019
"29/08/2023",86.37,467038.66390887,266641.40350181,2375479.70890979
"30/08/2023",86.62,510838.57066381,302759.27659117,2318130.79668133
"31/08/2023",87.29,476872.69945742,315820.16734023,2335302.95105041
"04/09/2023",90.42,663169.94549512,308698.10354677,2308776.49484924
"05/09/2023",91.25,671402.24980133,313737.97970588,2322314.30385515
"06/09/2023",91.79,694655.69748696,296463.13788373,2176782.01456799
"07/09/2023",91.16,678044.91950287,294562.83485499,1860581.66798402
"08/09/2023",91.85,623434.38747294,299810.7846701,2058636.64724183
"11/09/2023",91.97,642730.61370844,356814.83737936,2165443.88926529
"12/09/2023",93.58,637449.27465741,344154.37547099,2303606.89524184
"13/09/2023",93.04,660958.54346878,319756.23624885,2371732.08023595
"14/09/2023",95.2,582489.0242721,321739.96822234,2378479.64726528
"15/09/2023",95.55,619751.44236708,337008.97161403,2203970.65190394
"18/09/2023",95.95,664048.34974383,351290.34251542,2364443.51974185
"19/09/2023",96.11,682815.72969998,340151.68630649,2429928.6235465
"20/09/2023",94.56,692382.80273309,351685.78072452,2379371.07093518
"21/09/2023",93.7,667408.59258147,365980.59683692,2444145.21761879
"22/09/2023",93.99,622737.31349381,377452.01896323,2513492.55061093
"25/09/2023",94.01,577789.65163748,347433.79754477,2753845.60226921
"26/09/2023",94.46,639639.60784795,347230.4585642,2766298.54041365
"27/09/2023",97.1,498341.93819117,328603.6251486,2882536.03286884
"28/09/2023",96.55,387378.04788727,340602.18238839,2705672.92162271
"29/09/2023",95.86,611269.446548,325068.32643287,2411053.2910192
"02/10/2023",91.21,541095.7781898,323226.86910483,2482715.85622229
"03/10/2023",94.46,612628.47991413,343048.13407026,2498105.17750552
"04/10/2023",89.83,673280.22572402,319906.54968146,2473716.4526089802
"05/10/2023",88.28,658340.50652155,324920.93201434,2492575.64504459
"06/10/2023",87.86,687863.15159877,326271.22215352,2535065.3339918503
"09/10/2023",91.37,643288.50102198,348369.49620656,2422158.10514227
"10/10/2023",90.7,744406.10412369,368628.7613184,2338769.305611
"11/10/2023",87.58,722122.96407169,362571.18068811,2415539.76227701
"12/10/2023",88.4,641006.42190662,338330.15290166,2194860.29526332
"13/10/2023",94.33,611147.71237921,327486.34161593,2381487.7673473
"16/10/2023",90.99,759496.73412572,361186.99915241,2300011.4387965202
"17/10/2023",92.52,728895.40211722,366236.36598981003,2424142.12554649
"18/10/2023",91.99,577558.96634374,370008.40932918,2547278.29870474
"19/10/2023",93.12,575175.11538184,337690.86371329,2556761.8797203302
"20/10/2023",93.72,747643.9724417,343668.65188374,2333689.91571642
"23/10/2023",91.88,707480.9068265801,391926.44016442,2365283.08270083
"24/10/2023",88.0,627178.25993645,376400.11976374,2612989.00790592
"25/10/2023",90.14,353840.84443927,353758.38332762,2819747.50485907
"26/10/2023",88.45,309036.91371802,334296.86965286,2806823.68923797
"27/10/2023",90.73,519586.11561062,316440.48494835,2643324.46813047
"30/10/2023",90.73,619201.45153166,362030.87097463,2572414.72881606
"06/11/2023",87.31,559245.38388978,411118.65422830003,2339241.53853089
"07/11/2023",83.43,742623.26982632,434671.3544493,2260982.58379454
"08/11/2023",81.46,735451.12746814,439680.27642856,2402773.50988249
"09/11/2023",81.74,764417.17364958,389549.8060363,2539607.4992437703
"10/11/2023",83.66,766544.4253409801,429246.14287474,2541907.15961297
"13/11/2023",84.09,557287.49790815,439746.26198918,2823943.7990426198
"14/11/2023",84.2,579556.74580238,418920.74844808,2749731.12772041
"15/11/2023",82.4,578772.36499125,403885.14855355,2508068.01212661
"16/11/2023",77.73,564934.07910086,408009.4483752,2725407.53335713
"17/11/2023",81.22,532704.01017419,400851.68225712,2725812.43264616
"20/11/2023",83.25,330018.97102258,357963.62158914,2519588.1190631
"21/11/2023",82.42,553431.40094267,395160.72424644,2475334.81505727
"22/11/2023",81.76,646865.28043337,387374.18201567,2493696.97669887
"23/11/2023",80.85,604325.23224165,387345.8618681,2502043.43358073
"24/11/2023",79.82,506045.11055691,387265.53383548,2550066.20063244
"27/11/2023",79.49,606808.97309891,369590.95848265,2472496.52384049
"28/11/2023",81.66,624273.88118521,347389.40296628,2583607.46127601
"29/11/2023",82.98,582039.21136158,370663.99472209,2635008.04050746
"30/11/2023",81.72,545644.86046594,416065.87001055,2679693.94456216
"01/12/2023",78.72,519913.77438984,416802.59862526,2774261.30327309
"04/12/2023",78.16,346169.41166618,341072.7289299,2839010.71664228
"05/12/2023",77.27,556423.76071786,345109.08473371,2631549.29814612
"06/12/2023",74.33,730963.6000805,399019.71557143,2556407.56376136
"07/12/2023",74.21,677711.13178079,387417.91181333,2727947.06489835
"08/12/2023",75.94,585021.5862898,409342.46332875,2641391.68089032
"11/12/2023",75.75,609384.38784025,384324.98738653003,2521931.09233947
"12/12/2023",74.11,696495.98455011,414844.477803,2510089.1042926
"13/12/2023",74.14,766014.80576363,411199.70803159,2508304.93008755
"14/12/2023",77.05,772181.2270286101,410551.68670574,2691664.93301727
"15/12/2023",76.84,726571.49989992,418441.82558432,2724922.75073211
"18/12/2023",78.89,382829.22593325,384225.04860637,2818041.95846843
"19/12/2023",79.82,264769.57680663,375063.16027144,2823790.86430245
"20/12/2023",81.1,387684.3214611,316280.497335,2660738.06673793
"21/12/2023",80.73,547911.58534091,341802.86364002,2511868.57459735
"22/12/2023",80.23,638607.46112072,359607.51007428,2477888.30661094
"26/12/2023",80.23,486244.43686416,432667.76489102,2431367.80802895
"27/12/2023",80.97,502562.12217218,420012.83912712,2388065.29068131
"28/12/2023",79.04,523429.82389542,428730.78300202,2430221.25969007
"29/12/2023",77.69,512144.53817995,408675.05407277,2493165.89724182
"02/01/2024",76.24,192549.05945626,313403.97710136,2606725.70927114
"03/01/2024",77.18,258719.05824313,314039.48298529,2733659.78879853
"04/01/2024",75.79,279042.31148668,333415.47568283,2704873.03328679
"05/01/2024",78.31,319044.56302318,359953.93404005,2664147.36381409
"08/01/2024",75.47,228086.76533915,369583.46930862,2945088.75317348
"09/01/2024",77.97,388068.20039485,385296.31005723,2852905.44255248
"10/01/2024",78.46,464429.46614636004,381769.88565091,2756814.52125362
"11/01/2024",80.21,430701.35918353,362451.29077795,2823813.50952117
"12/01/2024",79.89,346247.05334921,371205.77326589,2820231.99011688
"15/01/2024",79.76,497473.55444258003,391797.37675155,2812465.40036884
"16/01/2024",80.15,637658.47435016,423125.94165496,2834258.50555829
"17/01/2024",78.88,581207.71769507,421449.53264727,2860544.56617942
"18/01/2024",81.04,461938.40852757,435950.37518443,2875588.51141765
"19/01/2024",80.71,362495.90683087,401534.02841075003,2996871.96810713
"22/01/2024",81.7,259317.39438733,358064.30350159,2910070.62969698
"23/01/2024",82.04,323668.04932214,301004.55434886,2775473.52578873
"24/01/2024",82.15,273866.81847745,297755.32093159,2753113.43577311
"25/01/2024",82.33,266449.25670752,337987.38885058,2823588.9491208
"26/01/2024",83.34,355313.96142742,358269.85411472,2704896.89597427
"29/01/2024",83.99,434951.05810197,410083.98444709,2653748.03084536
"30/01/2024",84.14,369503.53322872,427583.35473097,2928595.14724186
"31/01/2024",82.98,440464.34024199,425846.43010938,2915551.83359737
"01/02/2024",82.2,608799.60433242,425866.12379681,2676754.83965394
"02/02/2024",79.54,665301.08857488,413743.24818178,2602771.59880437
"05/02/2024",79.3,704663.58300707,396431.96646983,2647497.47894303
"06/02/2024",80.46,599048.94055025,427699.23256055,2875934.7969723
"07/02/2024",81.18,558503.9477392801,412346.97146966,3006560.68474968
"08/02/2024",83.01,505582.6300607,379454.40577384003,3080984.73702307
"09/02/2024",83.58,509455.28798149,373991.2305458,3059447.73843129
"12/02/2024",83.88,680241.73147711,412729.94341358,2503143.8658844302
"13/02/2024",84.72,582595.0813748899,419524.65332764003,2594050.85617545
"14/02/2024",84.41,323065.97285851,395918.95168922,3013097.9586188
"15/02/2024",84.33,292905.72891367,361004.87171738,2995579.25273214
"16/02/2024",84.88,305057.9608713,336715.99153913,2931745.12920866
"19/02/2024",85.52,216832.50362327,322697.24731993,3149461.71744502
"20/02/2024",84.78,106729.3820247,283672.14345208,3307649.28528684
"21/02/2024",84.77,119959.7477987,290184.79845623,3254443.22073601
"22/02/2024",85.84,126649.51743049,320059.4980273,3259370.0385075402
"23/02/2024",84.18,221888.95525464,343999.01494184,3222522.76454458
"26/02/2024",84.01,542024.44366737,392349.10438333,2842336.25348794
"27/02/2024",83.8,426090.9657762,405336.53787602,3055800.35537275
"28/02/2024",84.08,229028.85722522,412515.9637498,3338025.23896653
"29/02/2024",84.57,100960.08427503,401279.9253016,3509334.05294892
"01/03/2024",84.82,70436.71216319,393782.94770457,3516485.95905048
"04/03/2024",86.58,157946.66417144,348918.94752622,3277699.55949381
"05/03/2024",85.82,228964.62166978,366918.12509207,3190383.91676336
"06/03/2024",86.59,447498.05099401,391671.88005543,2927400.79961099
"07/03/2024",84.88,543619.32507715,375025.66876731,2862499.92715794
"08/03/2024",84.29,562972.71990507,379684.02769512,2855458.9884547302
"11/03/2024",83.44,213267.64883782,442408.76385102,3148852.69543524
"12/03/2024",83.66,231877.93793277,408426.54636277,3258403.75041765
"13/03/2024",83.95,292870.89520695,395487.6619719,3323855.78506609
"14/03/2024",86.16,357201.07180461,417903.48968266003,3303919.88946259
"15/03/2024",85.39,461893.88587074,406114.63034137,3216971.68459928
"18/03/2024",86.47,305300.59338497,405521.80141986,3259733.01225363
"19/03/2024",87.36,323728.48141546,390086.53494398,3244755.73647822
"20/03/2024",85.77,298520.67604408,390011.26784996,3290691.62472038
"21/03/2024",84.92,329770.29926047,368935.06982614,3213919.88289422
"22/03/2024",84.87,336112.35392531,358222.01809315,3063937.85273406
"25/03/2024",86.18,471407.00022337,375094.90669215,2671262.79948407
"26/03/2024",85.91,231275.07468546,358102.51440593,3040697.95127118
"27/03/2024",84.94,403906.66279247,321427.66368702,2882735.93806418
"28/03/2024",86.17,602927.30483983,320569.93887798,2621928.74604651
"02/04/2024",87.63,111574.00394134,334188.09455632,3300512.86772039
"03/04/2024",90.6,136905.65811283,391276.24305699,3262311.8383864
"04/04/2024",90.32,151815.52839505,359256.62925499,3268574.02731025
"05/04/2024",92.81,270782.40486858,381379.59592423,3065359.35473406
"08/04/2024",91.73,442789.36128403,386186.59341107,2806450.24553484
"09/04/2024",92.13,276515.91888941,357437.10080569,3080052.84778091
"10/04/2024",91.57,229306.88160909,364787.38902556,3083676.53045088
"11/04/2024",91.49,236466.55176829,345337.24086364,3097590.788113
"12/04/2024",93.12,412701.74560937,353345.66177062,2833704.38760319
"15/04/2024",90.84,531655.65483109,345088.13166206,2694561.98628093
"16/04/2024",91.29,549516.79839615,336223.92234207,2804060.33328283
"17/04/2024",89.54,523617.31851498,373625.93552731,2724898.15681027
"18/04/2024",88.34,406651.98752609,370887.34461553,2701747.73262857
"19/04/2024",87.96,399412.71164188,368519.55368778,2599436.22276917
"22/04/2024",87.3,453789.29835133,380984.79876335,2548823.15751433
"23/04/2024",88.29,350857.44444199,373483.21142525,2794452.01749775
"24/04/2024",89.02,449571.52480064,378973.66487802,2768279.47020082
"25/04/2024",88.1,492060.17495252,398971.67969081,2693770.91754267
"26/04/2024",89.95,562126.44971417,367594.14703312,2659811.16918131
"29/04/2024",88.44,521385.09260228,372643.98982827,2735515.031695
"30/04/2024",88.23,477442.07230637,367812.93085021,2839033.85324577
"01/05/2024",83.55,515282.60699812,372319.34700276,2372915.4155661
"02/05/2024",84.81,516314.25973888,378233.11011499,2763624.57173795
"03/05/2024",83.6,575146.70908823,346495.48342738,2686192.75744113
"07/05/2024",82.69,625588.68722657,352993.54221911,2650510.4264489003
"08/05/2024",82.44,579569.22446927,355577.14673567,2720306.7214215402
"09/05/2024",83.27,603972.94013295,353053.68395709,2679684.9394821
"10/05/2024",83.39,528321.4663149,354485.53287206,2697679.15878683
"13/05/2024",83.18,405638.82861206,363919.79373686,2758267.45602703
"14/05/2024",81.0,429643.67743612,351030.07514965,2761737.85934924
"15/05/2024",79.98,658612.73012016,355330.86304983,2424056.5948512
"16/05/2024",81.65,697491.01393893,353431.62536058,2409393.40463639
"17/05/2024",82.24,610825.55539849,344998.85428831,2535031.93013441
"20/05/2024",81.91,558335.63373397,373620.03752065,2435311.11539613
"21/05/2024",81.22,676291.19088169,366116.70583657,2360705.85993128
"22/05/2024",79.9,687214.76028874,354066.20988986,2411543.10078085
"23/05/2024",79.25,670588.0862772,347371.93424543,2472406.54272816
"24/05/2024",78.92,646367.31300845,331129.79309965,2460740.61190786
"28/05/2024",81.34,615333.94473933,340695.67650884,2319747.68359925
"29/05/2024",81.5,466713.56393109,354537.79119099,2383337.2732301
"30/05/2024",81.42,426992.13650829,332970.91725414,2144115.94538828
"31/05/2024",79.41,676274.80008271,348851.68000081,1953885.73425746
"03/06/2024",76.45,670259.99205525,329068.41555165,2182058.55931995
"04/06/2024",75.33,561080.32041532,331262.88958615,2383136.71488632
"05/06/2024",75.41,649160.06144216,331931.86503658,2284996.7119097603
"06/06/2024",77.62,690678.65969727,327660.68922296,2259438.50822033
"07/06/2024",78.12,628680.83789544,346277.43950912,2312389.62674378
"10/06/2024",79.59,703175.21045088,350140.88020893,2189320.64157971
"11/06/2024",80.15,692386.56513241,358559.97914682,2276134.95580625
"12/06/2024",80.52,720651.76990423,351040.74930672,2248255.31198204
"13/06/2024",81.44,748326.36220546,359353.50532705,2160482.7971696
"14/06/2024",81.49,749768.25635243,338746.0226814,2169024.70031799
"17/06/2024",82.45,605982.26092079,340103.96705455,2284580.29072818
"18/06/2024",84.79,670196.62402229,335768.17364896,2288793.89899767
"19/06/2024",85.64,700016.1517634,350598.24783325,2261876.15361293
"20/06/2024",85.92,758704.36558886,319497.83626852,2240207.27962462
"21/06/2024",86.42,716297.93457337,343060.54193461,2211634.70056211
"24/06/2024",86.75,608564.98228738,325180.90279729,2318136.45753875
"25/06/2024",86.81,619843.8778733,353843.76674053,2396226.3324332302
"26/06/2024",85.76,638643.22984549,336345.94689333,2368735.1529274
"27/06/2024",87.0,525941.30229729,372871.66190962,2387806.67418127
"28/06/2024",87.26,580530.61743603,362750.52514756,2341693.24506992
"01/07/2024",86.57,701038.76634291,351925.2070323,2079108.56202892
"02/07/2024",88.28,799066.27201654,335009.62328174,2049711.14426526
"03/07/2024",88.25,751221.7856999,338157.14699444,2122266.06569106
"04/07/2024",88.34,718082.83049556,359231.87152261,2137825.47730433
"05/07/2024",88.66,567223.52587429,359460.44323278003,2300772.22872234
"08/07/2024",87.15,667992.98439451,349992.30645753,2100838.9303082
"09/07/2024",86.48,603002.73572289,344020.62326738,2199109.3473160802
"10/07/2024",86.55,686021.6713587301,334424.74347535,2253354.04763441
"11/07/2024",86.49,770305.75686022,342067.86534,2159579.84658358
"12/07/2024",87.35,807278.04805232,322293.89621252,2130559.03994888
"15/07/2024",86.42,760202.48378409,353950.78470624,1978492.5336480201
"16/07/2024",86.6,782056.98779597,350508.00442201,1988574.72237458
"17/07/2024",85.76,755335.78223689,362644.64619032,2033575.85009531
"18/07/2024",86.26,668081.00954679,392860.60058124,2087876.06207583
"19/07/2024",85.19,758728.00715342,377349.71239996,2037768.85646642
"22/07/2024",83.44,756318.98569072,371803.90708168,1997154.9700836001
"23/07/2024",82.2,836788.76364545,370484.36039699,1983945.27440389
"24/07/2024",83.01,830322.60026866,383181.41544926,1965881.88813828
"25/07/2024",82.58,754085.64553234,394026.37624819,2015718.79839025
"26/07/2024",81.35,775266.80751733,364640.59951977,2032279.26312663
"29/07/2024",80.94,743156.14339555,368924.20586724003,2124084.71142151
"30/07/2024",79.26,718520.63933613,369810.99825508,2156487.91234529
"31/07/2024",81.39,845324.67493607,368554.21814839,2024921.1570542601
"01/08/2024",81.37,870061.56383977,364147.36991476,2004712.9322848
"02/08/2024",78.35,874334.67885683,362949.66031809,1984693.76385904
"05/08/2024",77.51,839746.60629715,375247.85946292,1977238.82017931
"06/08/2024",76.62,850545.43767394,384329.0713057,2023349.21327113
"07/08/2024",78.26,800692.3557374,363152.64583317,2107254.91249573
"08/08/2024",80.76,788536.95222648,362716.2719331,2138762.39985705
"09/08/2024",81.07,738488.48852176,367201.38203936,2134794.75224377
"12/08/2024",83.06,690085.77537348,450511.23912112,1855114.3169585601
"13/08/2024",82.51,662515.59257766,456598.72854812,2023048.17015781
"14/08/2024",82.15,874243.1855748,414674.78137841,1868722.99011677
"15/08/2024",83.09,822969.4242198,429525.1748402,1928831.26063829
"16/08/2024",81.56,815477.97770959,413385.85208833,1996729.97723399
"19/08/2024",81.09,781668.04940406,443281.16404333,2037992.16644888
"20/08/2024",78.85,796046.61048107,452447.98737689,2098668.57691171
"21/08/2024",78.77,866958.96839849,448898.94653023,2036317.03433359
"22/08/2024",78.8,907665.65933678,414394.42960887,2058332.64988049
"23/08/2024",80.34,839013.89285618,396391.18319017,2132955.67291371
"27/08/2024",81.51,835400.29595803,436926.8379806,1857582.8925094001
"28/08/2024",80.04,877400.24935216,408917.14053833,1900652.93550551
"29/08/2024",81.55,883783.7110995001,396366.34802952997,1923498.67420469
"30/08/2024",80.2,831564.97002398,437966.57043279,1971641.02871833
"02/09/2024",77.82,773688.62184415,430952.84223152,1935054.41105425
"03/09/2024",76.46,715123.2799919801,477860.7314218,2069905.63733556
"04/09/2024",74.67,832234.70293662,423218.10063954,2097539.8040758
"05/09/2024",74.47,799360.15662018,435331.00381902,2032840.03091567
"06/09/2024",72.82,784325.45608808,481205.30575026,1906500.63487069
"09/09/2024",72.37,867414.46694746,450643.39753964,2014402.2396051
"10/09/2024",70.34,825675.94434368,464096.79379889,2087947.81227307
"11/09/2024",70.31,839671.50319742,463630.78310271,2033352.34433945
"12/09/2024",73.81,837571.777749,437654.65075404,2074738.43814415
"13/09/2024",73.68,834864.37810796,435705.03505383,2088293.35819879
"16/09/2024",73.96,748948.17817247,422884.93911834003,1948531.10102502
"17/09/2024",74.55,826681.90568366,463512.9053076,1852560.96300352
"18/09/2024",74.52,897009.16012645,429932.18470394,1862472.20007381
"19/09/2024",75.93,833843.58222932,473330.95724111,1908146.35968713
"20/09/2024",75.96,820847.8239284001,453604.32575332,1974461.32415586
"23/09/2024",74.95,822833.45460359,479452.62448846,2029018.33445665
"24/09/2024",75.29,808506.03855436,492077.09293650003,2102351.95434142
"25/09/2024",75.4,861716.50831739,472714.1408221,2135466.13140588
"26/09/2024",73.06,817488.65685328,463631.08719461,2171239.70395176
"27/09/2024",71.63,742834.93035934,471356.63402609,2102665.79270472
"30/09/2024",72.35,865024.08981622,465189.40071007,1908893.54672817
"01/10/2024",75.3,786870.92144929,520613.62845098,2069002.12659828
"02/10/2024",74.86,722437.72485369,513439.31941297,2169321.87079065
"03/10/2024",77.57,740675.91792304,527213.39917612,2010299.75592931
"04/10/2024",79.32,717929.03979851,537100.14986718,1900098.09917051
"07/10/2024",81.74,725538.37391274,571136.35035003,1885105.00492929
"08/10/2024",78.19,610217.31747747,548013.35383016,2125931.24291952
"09/10/2024",77.06,503862.18810829,507961.09378391,2262872.12645275
"10/10/2024",79.45,651173.64777592,409125.42935554,2150831.14846253
"11/10/2024",80.27,688947.43795623,441974.58233839,1941950.77171837
"12/10/2024",78.47,662032.83033383,427445.01266873,1576853.46161878
"15/10/2024",73.68,799449.59039496,494336.94950512,1937174.43179645
"16/10/2024",73.65,616561.7125565701,487357.53123764,2078928.4787926201
"17/10/2024",74.37,410419.84805722,508909.67371834,2271153.26483557
"18/10/2024",72.75,353175.98256285,467289.80262352,2373860.65026526
"21/10/2024",73.29,841919.88626754,401006.08445098,1813113.11483753
"22/10/2024",75.59,861764.04005682,472507.64656895,1980620.5223755601
"23/10/2024",74.68,844254.27510103,520147.12475976,2045168.99404651
"24/10/2024",74.27,820037.1761720501,520032.6548838,2016371.05231997
"25/10/2024",75.62,801977.77279584,547190.22044074,1995528.06200549
"28/10/2024",71.87,843423.8909694001,458806.89981724,1883425.17061778
"29/10/2024",71.09,831316.76476642,484687.43084131,1989514.48408845
"30/10/2024",73.21,789658.6693198,505315.02358254,2020064.64558459
"31/10/2024",73.25,762267.4719553901,501721.83248285,2036651.02398596
"01/11/2024",73.63,797108.04728025,499758.09353476,2025925.38938727
"04/11/2024",74.89,910843.3057171201,446245.05083693,2102453.2235249802
"05/11/2024",76.98,846638.27756405,424469.82323018,2255536.36915199
"06/11/2024",76.52,870421.93917027,465164.683947,2216715.9132516
"07/11/2024",75.73,880480.61309139,438058.88239792,2222930.82086485
"08/11/2024",74.04,681972.52145437,427100.21480721,2328533.47874572
"11/11/2024",72.19,430370.23633112,546781.68744552,2297805.03957777
"12/11/2024",72.56,351645.59848202,549625.65669548,2458979.68433171
"13/11/2024",72.86,611786.75583884,501941.84016984,2194170.68597034
"14/11/2024",73.39,726756.8536282,464617.64373545,2167117.8517808802
"15/11/2024",73.45,854411.23197163,443435.94388272,1869399.24380237
"18/11/2024",74.35,838159.17210657,547790.33744857,2224663.60302504
"19/11/2024",74.32,694826.1980927,558125.41325465,2465273.68191368
"20/11/2024",74.33,682423.27845837,539383.44820462,2288815.61539611
"21/11/2024",75.09,554201.56647741,516278.05564405,2622578.65590403
"22/11/2024",76.1,388247.48183771,463240.29210843,2697126.99407001
"25/11/2024",74.27,593527.21471147,532857.40308888,2386997.27267152
"26/11/2024",74.56,656176.49744324,552893.80859275,2454458.011568
"27/11/2024",73.91,716439.6974379501,546363.61870704,2553279.53435708
"28/11/2024",73.92,753125.84056134,531948.10469278,2573582.72750161
"29/11/2024",74.16,660875.63081798,543715.9822258,2548049.37366375
"02/12/2024",72.81,452003.76907047,510723.72123469,2591779.86419893
"03/12/2024",74.8,421016.22945583,444542.25163452,2667679.52767159
"04/12/2024",74.68,419730.77347901,416755.4424932,2563646.35768717
"05/12/2024",73.78,561871.83805085,529315.68269957,2400624.7391871302
"06/12/2024",73.78,684516.29337153,518008.36150001,2524013.4505856
"09/12/2024",73.73,702288.8575193001,547334.37264273,2451287.12601138
"10/12/2024",73.64,714616.34304251,563320.41065528,2492140.00146452
"11/12/2024",74.38,571325.6733033,547355.04896731,2563998.40390392
"12/12/2024",73.52,664500.01109704,544034.33925739,2485023.03186879
"13/12/2024",74.89,874222.42951484,503720.99460564,2328703.13269692
"16/12/2024",74.3,697603.75462418,541786.97411336,2398721.20473597
"19/12/2024",73.75,651063.05838813,530580.3330533,2476698.79377501
"20/12/2024",73.19,724905.35437874,537120.28895725,2421163.42144885
"23/12/2024",72.12,643030.93247612,497833.88434461,2233866.92022817
"24/12/2024",73.5,499720.79299522,471928.91591333,2155620.35256014
"26/12/2024",73.5,717697.40823042,476793.03213502,2052064.03277499
"27/12/2024",73.77,729051.99376482,494198.09663271,2133417.86090781
"30/12/2024",74.24,554026.00079311,478986.6828605,2213334.1973648802
"31/12/2024",74.58,553741.77137332,484497.58153681003,2070621.94006406
"02/01/2025",76.14,657864.41399987,534682.49799985,2212984.29399964
"03/01/2025",76.72,660692.79199982,539488.85599985,2357360.13599967
"06/01/2025",77.27,471555.85599984997,528719.82799984,2664338.7379996
"07/01/2025",77.84,383414.98599978,526287.28799984,2874861.05999969
"08/01/2025",77.37,321105.05799984,466421.18599983,3055426.37399971
"09/01/2025",78.44,386980.39399988,458935.39999986,2940103.5119997
"10/01/2025",79.76,340149.78199982,497250.36599984,2920438.9959998
"13/01/2025",82.69,303291.42799989,437401.97599987,2896973.91999974
"14/01/2025",82.39,294153.8939998,453488.44799983,2964421.79999969
"15/01/2025",83.48,267970.16999983,431325.94599983003,3011758.15199966
"16/01/2025",82.39,271104.74599988,462253.18799986,3077897.58399976
"17/01/2025",83.02,420574.00999979,497057.82599985,2954866.11399979
"20/01/2025",81.68,158905.82599994,558094.86999983,3233702.70799975
"21/01/2025",80.57,215655.3459999,605237.66599984,3316722.56799965
"22/01/2025",80.0,363464.83199985,567889.83599981,3268182.33199978
"23/01/2025",78.62,371704.04999982,502600.80199988,3191384.9419997
"24/01/2025",78.71,316855.38799988,487840.0999998,3244093.97799968
"27/01/2025",77.3,345932.2359999,538282.00599986,2975479.93199969
"28/01/2025",78.01,288748.53999985,523692.53999987,3119930.92599972
"29/01/2025",77.02,400231.59399986,465850.79199983,3076858.22199974
"30/01/2025",77.42,407918.03399988,465589.37399984,3002671.31999979
"31/01/2025",77.11,440020.87599985,329447.62399988,2980082.43799975
"03/02/2025",76.49,431280.8739998,446219.37799989,3010790.21799979
"04/02/2025",76.58,426914.40599985,493200.05999981,3095745.02199981
"05/02/2025",74.71,439080.87799986,499122.89599976,3131002.9639996598
"06/02/2025",74.54,470098.10599984,487565.81199989,3126539.0739997
"07/02/2025",74.68,423452.90999982,525349.62999992,3147806.02199973
"10/02/2025",76.23,438595.3119999,500726.98199991003,3142309.78599972
"11/02/2025",77.65,439340.65399986,509999.9219999,3227846.28999978
"12/02/2025",75.38,442758.48999985,502807.30999987,3281228.92799973
"13/02/2025",75.61,487365.92399984,480982.6119999,3218847.67799973
"14/02/2025",75.19,576584.14799984,539367.95199994,3008140.17199969
"17/02/2025",75.81,606965.22799984,523561.99999987,3066224.16199975
"18/02/2025",76.46,517062.18799984,528693.54799984,3136778.00599977
"19/02/2025",76.34,551804.67399985,538001.02999983,3049948.27799981
"20/02/2025",76.95,585963.66599983,514368.0039998,3113627.09599975
"21/02/2025",74.88,649389.13599992,505324.21399988,3076839.29799976
"24/02/2025",74.89,565709.34599989,570649.07799986,3092219.70799974
"25/02/2025",73.11,576001.69399983,554962.19399976,3173408.90599977
"26/02/2025",73.49,590013.70199988,596989.86199985,3137743.68199973
"27/02/2025",75.01,617125.30399984,560418.18799982,3108070.64999967
"28/02/2025",74.76,593798.50799987,543668.07199986,3100431.41599972
"03/03/2025",72.85,677656.77399986,545287.46399986,2607177.63599979
"04/03/2025",72.31,684335.57999987,532022.09599991,2569419.93599973
"05/03/2025",70.92,719995.90199989,538264.16799993,2828866.34399967
"06/03/2025",71.08,751528.67999982,554387.74399986,2897093.80999978
"07/03/2025",72.49,742567.67999985,564639.36199986,2920308.90199974
"10/03/2025",71.08,498206.34799986,566397.7659999,2987785.11799977
"11/03/2025",71.51,646478.93199986,522244.50199985,2945597.20999968
"12/03/2025",72.36,720916.20599981,513215.20399981004,2838600.45799969
"13/03/2025",70.82,602475.15799988,574117.69599986,2925812.6539997202
"14/03/2025",71.94,419761.87599997,586697.09999984,3014514.46799975
"17/03/2025",71.93,477223.37199984,528166.63999982,2903950.11199979
"18/03/2025",71.93,399161.50799990003,559205.5879998599,3002738.19199972
"19/03/2025",71.94,383922.24399986,556847.40199988,2925086.86199972
"20/03/2025",72.61,378879.69199985,584747.79399989,2844639.31999979
"21/03/2025",72.64,434415.22199986,547137.78999984,2808158.37799975
"24/03/2025",73.96,449272.86399985,538770.62199984,2872636.69199976
"25/03/2025",73.78,452623.88199987,534309.06399986,2928113.10199967
"26/03/2025",74.6,447412.31399984,531897.84799991,2940950.30399973
"27/03/2025",74.72,502544.44199984,516224.20799988,2856414.29999966
"28/03/2025",74.69,426121.10199981,545632.23799986,2915672.33799971
"31/03/2025",77.23,669934.9519999,504603.3939999,2661613.30999962
"01/04/2025",77.78,751385.39999983,493056.94199986,2558901.19399976
"02/04/2025",77.27,534051.3459999,517057.26399988,2808355.49599975
"03/04/2025",72.54,613759.21799988,523766.12199981,2763085.33199975
"04/04/2025",68.36,687135.04399982,506989.10199994,2603802.48399978
"07/04/2025",66.13,704186.73199987,455188.91599989,2291860.62599979
"08/04/2025",64.86,690513.16799986,493530.19599986,2383442.1779998
"09/04/2025",67.3,651655.93999982,528769.81999985,2475772.79599976
"10/04/2025",65.37,386321.70799989003,488654.34799986,2781587.35399974
"11/04/2025",66.83,251052.2559999,513914.51999982,2789479.15599977
"14/04/2025",67.18,395176.02799993,501781.41199988,2637027.27799978
"15/04/2025",66.58,336853.42799985,459078.91799993,2785782.44399975
"16/04/2025",67.94,438745.74199981,475285.09599983,2704743.25599973
"17/04/2025",69.33,534408.30399985,498851.19199984,2575503.85799972
"22/04/2025",68.93,469797.39399992,493218.82799982,2483813.81199986
"23/04/2025",68.26,618182.75999985,452237.19999986,2439897.47999977
"24/04/2025",67.5,614077.50799988,436205.6039999,2568881.44399976
"25/04/2025",66.99,570848.15799991,466518.11399987,2649758.67599968
"28/04/2025",66.13,382245.70399985,447552.81399985,2751989.70599983
"29/04/2025",64.04,231736.03999981002,487050.1959999,2869230.73199977
"30/04/2025",63.37,368126.1979999,482618.58199983,2625297.94599981
"01/05/2025",62.37,538136.21599985,429415.9219998,2109004.71999974
"02/05/2025",61.57,658054.39599986,470093.3099999,2122204.0739998
"06/05/2025",62.37,670557.33999982,446481.28199989,2400487.80999978
"07/05/2025",60.31,702102.5039997901,489618.21599993,2407866.5059998
"08/05/2025",62.22,740678.31799984,469353.84199987,2423479.37799982
"09/05/2025",64.26,762704.14599987,463313.01999987,2479269.09799976
"12/05/2025",65.28,758122.94599991,442832.13599985,2185668.62399979
"13/05/2025",66.93,796907.33799974,398710.38799985,2272655.6439997
"14/05/2025",65.91,717244.54799991,454251.06399987,2232943.53999977
"15/05/2025",64.36,666510.4339998,411982.04199982,2293415.05199971
"16/05/2025",65.2,700154.55199984,406675.32799993997,2285620.48199978
"19/05/2025",66.25,700776.84399985,439050.4999998,2226510.0059998
"20/05/2025",66.93,549082.87199986,463016.10999983,2380220.47599977
"21/05/2025",65.86,614879.64799988,444937.05599988,2334388.16199979
"22/05/2025",64.87,658753.84999984,469057.17599987,2243149.9319997
"23/05/2025",65.41,644871.90599986,484942.06599981,2214238.96599975
"27/05/2025",64.32,779942.79199985,445808.89599989,2065089.14599974
"28/05/2025",65.72,766270.10199986,388824.46399987,2134108.56999966
"29/05/2025",64.6,653646.84999982,456155.28199993,2096315.18599974
"30/05/2025",64.32,610474.99599989,485700.54199986,2071500.0119997
"02/06/2025",66.55,762232.45999988,401844.78399986,2033466.43999968
"03/06/2025",67.48,769640.85799986,386418.16199983,2174662.78199978
"04/06/2025",66.69,725475.3939999,425221.56999984,2193866.29199975
"05/06/2025",67.14,701494.98999987,413532.01399989,2225646.59199972
"06/06/2025",68.02,680921.43799982,447615.91399981,2212012.12399979
"09/06/2025",68.73,498603.41199987,467323.47199981,2326327.21399973
"10/06/2025",68.41,508490.27999984,486625.90599987,2315140.30199974
"11/06/2025",71.29,615497.15399989,474953.47799982,2167235.4659998
"12/06/2025",70.84,754040.64599984,444376.00799985003,2021516.68599964
"13/06/2025",76.0,899957.42399989,398734.01399988,1907686.58199979
"16/06/2025",75.05,729432.28599988,450428.34599978,2040802.53999979
"17/06/2025",78.7,787366.6219999,408485.0799998,2082101.26799979
"18/06/2025",78.38,862705.87399985,391935.16999989,2032529.67199971
"19/06/2025",80.37,748937.99199981,420186.55199988,1888910.55599974
"20/06/2025",78.73,788741.5699999,384498.53599986,1978503.47399967
"23/06/2025",74.34,811256.8319999,412546.72799988,2049864.58799977
"24/06/2025",69.13,639842.33799989,485390.12199992,2189011.97199971
"25/06/2025",68.4,762792.1379998,458656.7879998,2004042.33999975
"26/06/2025",68.57,848133.38799989,392615.44999988,2052015.82599974
"27/06/2025",69.37,683372.91999989,450039.97599987,2188604.25999969
"30/06/2025",68.15,765073.42999988,428100.64399981,2057751.43999973
"01/07/2025",67.63,730207.13399991,431392.47799984,2074030.39199979
"02/07/2025",70.8,834067.12199981,412982.08999986,1977383.40999982
"03/07/2025",70.42,784008.49999985,436793.8579999,1964998.13599977
"04/07/2025",71.03,774148.54399988,429057.23599991,1950440.3639996499
"07/07/2025",71.95,757412.46999984,442238.67799987,1847182.63799975
"08/07/2025",72.5,724004.67799978,434447.1979998,1989491.30399974
"09/07/2025",71.98,696686.94399987,457462.66599986,1960663.49199974
"10/07/2025",70.38,797176.03199983,433762.25399987,1927897.4059997401
"11/07/2025",72.06,824512.1059998301,422993.75599987,1857687.13799984
"14/07/2025",70.96,734739.0619999,419664.61999986,1857686.3539998
"15/07/2025",70.27,735015.88799983,460469.72999984,1889579.21799977
"16/07/2025",69.67,737660.39399981,472562.39799986,1867016.83599967
"17/07/2025",71.32,764562.69799986,470327.75999982,1896298.33999974
"18/07/2025",71.06,739405.52199983,497430.70999993,1864857.89399971
"21/07/2025",71.92,718166.87999987,504647.9799999,1847117.24399976
"22/07/2025",69.69,741748.45799988,497471.53399989,1892273.0919997501
"23/07/2025",69.17,748352.88999983,494208.61799991,1913810.26999974
"24/07/2025",70.42,839772.71399986,442847.34799981,1909855.26999979
"25/07/2025",69.23,829901.02999983,458465.02999982,1821461.61799971
"28/07/2025",70.87,674372.15999984,451674.42799982,1971285.47599973
"29/07/2025",73.21,499417.15399989,527878.35199985,2049743.65399964
"30/07/2025",73.98,618936.71999981,527129.07199987,1894057.34199968
"31/07/2025",73.43,905590.67999986,472065.25199983,1681485.6419997
"01/08/2025",70.55,862688.55199992,478491.77399984,1706916.84399968
"04/08/2025",69.56,807210.36999988,394614.84399988,1785595.54399978
"05/08/2025",69.14,734749.08199987,422182.38799986,1908301.84399978
"06/08/2025",67.97,809147.60199982,470736.39599987003,1768013.94799966
"07/08/2025",66.99,811637.50599979,469632.8919998,1771724.8819997
"08/08/2025",67.17,720006.5719998,481307.11199984,1895427.45799979
"11/08/2025",67.36,574841.37399985,504710.60599984,1792135.78399973
"12/08/2025",66.8,710054.73599987,518364.65199982,1764658.90799972
"13/08/2025",66.25,818727.60399988,482117.56599989,1717357.87399974
"14/08/2025",68.12,771882.67199985,517766.88599989,1802482.47399974
"15/08/2025",67.3,765270.99999984,486235.74599992,1822858.47999973
"18/08/2025",68.18,811132.92599987,515357.07599987,1724820.67399973
"19/08/2025",66.62,896945.12199989,479713.02399983996,1735438.73999975
"20/08/2025",67.61,794370.03799991,515023.62199988,1860787.62399975
"21/08/2025",68.41,809969.84399982,511922.56399995,1857177.45399968
"22/08/2025",68.29,880025.14999987,501382.14399982,1807038.35799971
"26/08/2025",66.89,786654.58399993,502911.05599988,1776534.9319998
"27/08/2025",67.75,782325.87599985,521000.15599985997,1776687.7199997
"28/08/2025",68.61,827733.57399986,517535.91999987,1766753.46999972
"29/08/2025",67.83,834132.34199983,508583.99399983,1789581.3399997
"01/09/2025",67.09,951359.83199984,466017.22799984,1766827.21199969
"02/09/2025",68.09,937352.63799979,483671.34199983,1799873.06799972
"03/09/2025",67.76,931126.80999985,488924.27599985,1802903.8239996799
"04/09/2025",66.41,909723.18799986,484913.11399988004,1873123.59199965
"05/09/2025",64.92,836543.14399978,522183.80799988,1927528.11199971
"08/09/2025",65.44,864094.39799986,487567.67399991,1817804.08599963
"09/09/2025",67.97,808766.27999984,552203.56799991,1908194.09799964
"10/09/2025",67.62,748525.5519998,592001.27799985,1891602.5639996899
"11/09/2025",67.25,825564.2779998999,575406.21599981,1867589.03599974
"12/09/2025",67.87,832391.76999982,558845.59199988,1850088.08199966
"15/09/2025",67.88,880047.87399984,535047.75599985,1871996.24599972
"16/09/2025",69.69,821773.33399984,560487.12399991,1986574.78399973
"17/09/2025",69.19,817090.08599988,566631.31999982,1957237.19799969
"18/09/2025",67.83,876284.72999982,566806.58599981,1864552.25799975
"19/09/2025",67.05,883055.58199984,543315.27399986,1894314.16399972
"22/09/2025",66.87,796965.68799986,491575.08399989,1962568.81999974
"23/09/2025",67.96,786545.74999993,507669.17199982,1865728.52399965
"24/09/2025",69.64,898253.11599984,497642.15799989,1739621.95199976
"25/09/2025",70.48,880979.43799988,461592.93399985,1727643.50799968
"26/09/2025",71.15,867101.51599986,524122.5159998,1675735.70999975
"29/09/2025",69.0,765579.03999987,608299.67199976,1781551.87599967
"30/09/2025",68.52,786911.25399984,560309.7059997501,1943627.58199966
"01/10/2025",66.67,787972.19599979,553040.01599977,1918335.36399971
"02/10/2025",65.44,765995.91599981,558576.25599985,1914058.68799966
"03/10/2025",66.13,827898.37199983,545087.63199982,1844814.33999969
"06/10/2025",67.09,771663.57799984,577725.02599988,1978652.85799977
"07/10/2025",67.1,729295.58799988,581805.10599982,1982166.06799966
"08/10/2025",67.42,784757.92399984,572234.15399982,1812232.78599963
"09/10/2025",67.23,840617.85599989,561922.93799989,1755204.18799965
"10/10/2025",64.41,808988.06799984,572169.43599985,1798899.35799965
"13/10/2025",64.15,817964.94599987,563047.80799983,1902161.5059997
"14/10/2025",63.0,760533.68199978,566554.90999986,2067743.60399968
"15/10/2025",62.33,800329.10399988,581248.81799983,1931192.44199965
"16/10/2025",61.08,784435.00199986,610187.59799983,2019555.15799967
"17/10/2025",61.23,764744.95199987,607120.37999985,2088741.6179997
"20/10/2025",60.71,612924.8719998,515590.79999987,1823019.25399978
"21/10/2025",61.0,813475.29999989,510722.62399986,1656492.54999968
"22/10/2025",62.28,773435.39399986,544675.4279999,1654436.16799975
"23/10/2025",66.32,790817.5739998299,561594.05799981,1680177.37399974
"24/10/2025",65.8,819688.18799986,570339.0439998,1742271.30199974
"27/10/2025",65.52,797203.28799989,541208.57799982,1897536.08399973
"28/10/2025",64.03,858591.40599988,531099.71999986,1967491.37999966
"29/10/2025",65.01,801255.51999983,580694.89999994,1934884.48799972
"30/10/2025",65.11,731948.39199986,576535.73799984,1924648.27799975
"31/10/2025",65.44,776600.10399985,552135.01399992,1781132.2659998
"03/11/2025",65.79,575404.70599984,537073.33999984,2078208.67399976
"04/11/2025",65.04,607491.71999996,579568.85999986,2047187.47599971
"05/11/2025",63.54,722511.58599981,599001.19599987,2115847.30199968
"06/11/2025",63.41,336288.94199988,638517.16999979,2335799.59599969
"07/11/2025",63.72,374064.41599983,627477.22999988,2285591.8079998
"10/11/2025",63.01,662442.6859998599,592781.43199984,1788312.92399977
"11/11/2025",63.86,769974.58799984,611172.8819998,1766275.13999981
"12/11/2025",61.88,778113.43999985,629957.76599984,1861156.37599962
"13/11/2025",62.14,736350.05999981,602592.9319998301,1955280.09799972
"14/11/2025",63.45,731947.57199984,616764.49599983,1949011.91999975
"17/11/2025",63.16,738901.30399988,592404.2639999,2075247.14399972
"18/11/2025",64.86,578375.80199984,641582.99599984,2171963.32399971
"19/11/2025",63.78,320197.03999983,657998.22999984,2281532.54599973
"20/11/2025",63.64,283979.52199988,598547.51799988,2198381.30599966
"21/11/2025",62.78,514208.32999982,612462.61199987,2155620.1639997098
"24/11/2025",64.83,654988.51999987,572448.78999985,2009957.38999971
"25/11/2025",63.99,554521.76199983,619604.63199987,2107700.77599968
"26/11/2025",64.81,591814.19999975,674784.77799988,2052156.7619997
"27/11/2025",64.18,789169.37199985,677435.93999983,1902148.38599982
"28/11/2025",64.07,765344.48199982,662729.81599988,2029144.0539998
"01/12/2025",64.22,588384.76199985,630180.30599983,2433604.50799971
"02/12/2025",63.37,560948.15599983,612697.29999984,2509517.61599963
"03/12/2025",63.75,475233.35799987,594732.4779998501,2523444.48199965
"04/12/2025",64.15,510542.83799989,583303.21399989,2451012.29199978
"05/12/2025",64.42,416620.50799987,594562.90799986,2532469.71199976
"08/12/2025",63.3,746665.74799984,542048.49799986,2319302.2819998
"09/12/2025",62.62,664644.35399984,497026.16999987,2375652.66199977
"10/12/2025",63.12,557719.16599986,612510.03399984,2306832.01599971
"11/12/2025",61.87,455046.28599984,696323.3979998,2451196.53799972
"12/12/2025",62.11,457355.84199988,587746.26799986,2665252.9159997
"15/12/2025",61.55,625571.70199986,629337.23999986,2412509.51999974
"16/12/2025",59.93,639851.01999982,551405.03999988,2473173.12199972
"17/12/2025",60.61,546983.34199984,563556.48399989,2297786.56799969
"18/12/2025",60.69,588943.30799986,551863.2039999,2226285.44799972
"19/12/2025",61.35,647991.08999985,613279.72399983,2132974.85599965
"22/12/2025",62.22,562867.31999987,614650.25199983,2331436.01199974
"23/12/2025",63.7,589034.42799987,641509.54199976,2305017.57399973
"24/12/2025",63.7,714070.54599983,625135.78199987,1992721.72399974
"29/12/2025",63.1,437232.65799988003,630604.7899998201,2553391.62199976
"30/12/2025",62.3,442462.0419998,649701.73199983,2543785.76199973
"31/12/2025",61.35,442928.01399983,668121.92999984,2301203.36199974
"02/01/2026",61.98,312812.11199983,635333.83199985,2446463.30799971
"05/01/2026",63.0,364350.00799987,591247.80799982,2338210.75799973
"06/01/2026",62.1,550606.96599978,547411.91399984,2326986.45199969
"07/01/2026",61.08,736367.69399989,598684.08999982,2295532.74199971
"08/01/2026",63.34,681497.39199983,669417.62399984,2374528.28199978
"09/01/2026",65.11,746983.6919998201,658827.01999975,2433730.02199971
"12/01/2026",65.4,652202.61399989,642435.2179998601,2520861.79999979
"13/01/2026",67.58,657762.10399987,610124.16799981,2564540.83399977
"14/01/2026",68.87,667146.22199984,627560.43999983,2551688.70199978
"15/01/2026",66.16,655154.55599984,653373.34199984,2580254.6539997
"16/01/2026",66.97,699974.15999985,655074.72799984,2601872.94599977
"19/01/2026",66.91,350597.47599982,589761.09199982,2726235.78999974
"20/01/2026",67.68,352437.40399991,518299.38999991,2657184.16999978
"21/01/2026",66.72,527434.64799985,535140.27799987,2410037.19399968
"22/01/2026",65.46,665439.62399977,515743.65599984,2308030.83999976
"23/01/2026",68.16,625550.78199986,561707.86199989,2304265.84399971
"26/01/2026",67.7,683058.24399985,639554.24999985,2424933.66399967
"27/01/2026",70.28,623785.86399986,598418.46599989,2583663.93199968
"28/01/2026",70.9,534269.82799977,639429.09199991,2701719.53199977
"29/01/2026",71.0,597939.23199983,592604.00199984,2654596.98999976
"30/01/2026",72.25,443836.00999993,591234.3759999101,2739491.73799979
"02/02/2026",67.72,455668.06599986,588938.72799986,2778996.4099997
"03/02/2026",70.01,278221.41999983997,541332.02799988,3106512.79199971
"04/02/2026",71.15,248340.81999983,600850.77799983,3036121.82799975
"05/02/2026",69.87,263754.13199984,600612.20799986,3053335.79399977
"06/02/2026",70.45,339162.55199984,628628.23399983,2943406.36999975
"09/02/2026",71.19,420346.11999986,550744.29799986,2734647.48199968
"10/02/2026",71.01,636637.77399986,539913.55599992,2622765.45599979
"11/02/2026",71.52,547971.17999989,558334.58799988,2774053.66199974
"12/02/2026",69.8,582460.46999988,602956.1979999,2824603.59799969
"13/02/2026",69.96,598750.44799988,615295.64799985,2804429.37399973
"16/02/2026",70.81,598721.34799986,651440.39199985,2401823.99599975
"17/02/2026",69.77,602531.76199979,647448.94799988,2501091.06999974
"18/02/2026",71.78,395671.34799988,606069.72999979,2962499.58999977
"19/02/2026",73.17,238049.2839999,641318.4139998601,3086023.42999975
"20/02/2026",72.75,212204.10399984,611581.2559999,3200234.20399978
"23/02/2026",71.9,298750.89999984,483776.34799989,3023880.01599972
"24/02/2026",71.21,294176.9819998,520599.56799987,3019254.46399963
"25/02/2026",70.69,245164.90799976,531229.48399987,3079903.58199969
"26/02/2026",71.66,206065.39399983,519293.78199986,3114871.7919997103
"27/02/2026",71.32,245465.76199976,522864.57599985,3013160.26599974
"02/03/2026",77.24,201370.1019998,589016.58199984,2836504.54599978
"03/03/2026",83.28,201621.95599976,585776.66599987,2951461.27799971
"04/03/2026",81.56,298450.42799983,604909.04599987,2896060.57999976
"05/03/2026",88.59,444640.27199982,629275.10799986,2800445.23799972
"06/03/2026",95.74,550824.5779998,591427.92599991,2787526.28999981
"09/03/2026",94.35,350833.67399987,517667.50399982,2899798.50799976
"10/03/2026",89.84,488951.92599986,513706.96999992,2717769.03399977
"11/03/2026",90.98,568059.75799988,515357.98999984,2636640.4899998
"12/03/2026",102.38,478965.96399985,512101.02599992,2664946.30399985
"13/03/2026",103.23,291603.67599986,581748.97599987,2743598.15999984
"16/03/2026",101.04,268311.60399982,574471.4139999,2917791.12399978
"17/03/2026",108.39,391812.12199985,567126.41199982,2859130.95799975
"18/03/2026",118.09,447131.36799984,543255.14799993,2805292.41999977
"19/03/2026",111.05,341925.90799984,580464.71999984,2834545.23199978
"20/03/2026",118.42,425823.25999982,557941.79399985,2707190.6279997802
"23/03/2026",103.79,365388.59999987,610937.30799991,2732933.00999979
"24/03/2026",108.42,531331.36399984,547986.9799999,2669587.03799975
"25/03/2026",109.14,458517.36799985,512705.12799988,2761821.69999976
"26/03/2026",113.39,637717.90399988,553726.00999981,2608181.73199979
"27/03/2026",121.47,634080.02199992,596970.41199984,2585069.2859997503
"30/03/2026",121.88,418805.86999982997,581767.88399987,2750402.81799975
"31/03/2026",126.69,389426.6619998,549025.92999983,2886266.94999975
"01/04/2026",119.56,431765.31799983,488863.48599985,2781917.54599974
"02/04/2026",127.61,451882.34599987,523472.75399985,2650350.23799983
"07/04/2026",138.21,630715.20199979,536624.8659999,2699811.79999971
"08/04/2026",122.11,560875.41799988,561415.12799988,2693523.64199978
"09/04/2026",119.03,311152.19199985,566715.99199986,2872858.58199979
"10/04/2026",119.07,349546.08399976,565642.74599987,2732667.70799967
"13/04/2026",123.28,564931.85399989,522115.68599993,2511606.19999977
"14/04/2026",118.69,596283.51599985,534962.49599986,2581089.04199985
"15/04/2026",114.93,591404.61599985,545806.51799986,2499915.4439997002
"16/04/2026",116.63,535882.46999985,542808.41999982,2546909.94799974
"17/04/2026",98.63,566579.92799992,580335.10799988,2539521.54799977
"20/04/2026",103.4,371851.92599983,549776.69199989,2477451.46399976
"21/04/2026",106.14,438290.00199989,476696.04999989,2408421.85199966
"22/04/2026",113.44,491059.65199993,570660.75799984,2595447.05999978
"23/04/2026",113.25,602392.38799989,491532.72199988,2592842.21399972
"24/04/2026",111.86,503021.04199985,507078.32199985,2656791.10799973
"27/04/2026",113.89,505540.78799978,550470.66599985,2594230.8239997
"28/04/2026",117.62,496500.06799986,505981.22799987,2722602.14599976
"29/04/2026",124.16,626799.08399978,518820.86199983,2640974.27999977
"30/04/2026",124.24,632683.21599985,532552.14599977,2507146.61599973
"01/05/2026",118.26,512484.31199987,405065.39799987,2263449.72199981
"05/05/2026",114.51,672945.67399973,482744.73399988,2402144.52399969
"06/05/2026",103.7,647379.4839999,498466.62399983,2548677.76399977
"07/05/2026",101.82,692182.93999984,517681.31199983,2479560.68999968
"08/05/2026",103.48,618943.87999986,504049.71199981,2574944.36399978
"11/05/2026",106.11,512168.93999988,530830.27999993,2259489.96999982
"12/05/2026",111.37,634548.12599986,484694.29399987997,2194468.8759998
